,season,city,date,match_type,player_of_match,venue,team1,team2,toss_winner,toss_decision,winner,result,result_margin,target_runs,target_overs,super_over,method,umpire1,umpire2
0,2008,Bangalore,2008-04-18,League,BB McCullum,M Chinnaswamy Stadium,Royal Challengers Bangalore,Kolkata Knight Riders,Royal Challengers Bangalore,field,Kolkata Knight Riders,runs,140.0,223.0,20.0,N,normal,Asad Rauf,RE Koertzen
1,2008,Chandigarh,2008-04-19,League,MEK Hussey,"Punjab Cricket Association Stadium, Mohali",Kings XI Punjab,Chennai Super Kings,Chennai Super Kings,bat,Chennai Super Kings,runs,33.0,241.0,20.0,N,normal,MR Benson,SL Shastri
2,2008,Delhi,2008-04-19,League,MF Maharoof,Feroz Shah Kotla,Delhi Daredevils,Rajasthan Royals,Rajasthan Royals,bat,Delhi Daredevils,wickets,9.0,130.0,20.0,N,normal,Aleem Dar,GA Pratapkumar
3,2008,Mumbai,2008-04-20,League,MV Boucher,Wankhede Stadium,Mumbai Indians,Royal Challengers Bangalore,Mumbai Indians,bat,Royal Challengers Bangalore,wickets,5.0,166.0,20.0,N,normal,SJ Davis,DJ Harper
4,2008,Kolkata,2008-04-20,League,DJ Hussey,Eden Gardens,Kolkata Knight Riders,Deccan Chargers,Deccan Chargers,bat,Kolkata Knight Riders,wickets,5.0,111.0,20.0,N,normal,BF Bowden,K Hariharan
5,2008,Jaipur,2008-04-21,League,SR Watson,Sawai Mansingh Stadium,Rajasthan Royals,Kings XI Punjab,Kings XI Punjab,bat,Rajasthan Royals,wickets,6.0,167.0,20.0,N,normal,Aleem Dar,RB Tiffin
6,2008,Hyderabad,2008-04-22,League,V Sehwag,"Rajiv Gandhi International Stadium, Uppal",Deccan Chargers,Delhi Daredevils,Deccan Chargers,bat,Delhi Daredevils,wickets,9.0,143.0,20.0,N,normal,IL Howell,AM Saheba
7,2008,Chennai,2008-04-23,League,ML Hayden,"MA Chidambaram Stadium, Chepauk",Chennai Super Kings,Mumbai Indians,Mumbai Indians,field,Chennai Super Kings,runs,6.0,209.0,20.0,N,normal,DJ Harper,GA Pratapkumar
8,2008,Hyderabad,2008-04-24,League,YK Pathan,"Rajiv Gandhi International Stadium, Uppal",Deccan Chargers,Rajasthan Royals,Rajasthan Royals,field,Rajasthan Royals,wickets,3.0,215.0,20.0,N,normal,Asad Rauf,MR Benson
9,2008,Chandigarh,2008-04-25,League,KC Sangakkara,"Punjab Cricket Association Stadium, Mohali",Kings XI Punjab,Mumbai Indians,Mumbai Indians,field,Kings XI Punjab,runs,66.0,183.0,20.0,N,normal,Aleem Dar,AM Saheba
10,2008,Bangalore,2008-04-26,League,SR Watson,M Chinnaswamy Stadium,Royal Challengers Bangalore,Rajasthan Royals,Rajasthan Royals,field,Rajasthan Royals,wickets,7.0,136.0,20.0,N,normal,MR Benson,IL Howell
11,2008,Chennai,2008-04-26,League,JDP Oram,"MA Chidambaram Stadium, Chepauk",Chennai Super Kings,Kolkata Knight Riders,Kolkata Knight Riders,bat,Chennai Super Kings,wickets,9.0,148.0,20.0,N,normal,BF Bowden,AV Jayaprakash
12,2008,Mumbai,2008-04-27,League,AC Gilchrist,Dr DY Patil Sports Academy,Mumbai Indians,Deccan Chargers,Deccan Chargers,field,Deccan Chargers,wickets,10.0,155.0,20.0,N,normal,Asad Rauf,SL Shastri
13,2008,Chandigarh,2008-04-27,League,SM Katich,"Punjab Cricket Association Stadium, Mohali",Kings XI Punjab,Delhi Daredevils,Delhi Daredevils,bat,Kings XI Punjab,wickets,4.0,159.0,20.0,N,normal,RE Koertzen,I Shivram
14,2008,Bangalore,2008-04-28,League,MS Dhoni,M Chinnaswamy Stadium,Royal Challengers Bangalore,Chennai Super Kings,Chennai Super Kings,bat,Chennai Super Kings,runs,13.0,179.0,20.0,N,normal,BR Doctrove,RB Tiffin
15,2008,Kolkata,2008-04-29,League,ST Jayasuriya,Eden Gardens,Kolkata Knight Riders,Mumbai Indians,Kolkata Knight Riders,bat,Mumbai Indians,wickets,7.0,138.0,20.0,N,normal,BF Bowden,AV Jayaprakash
16,2008,Delhi,2008-04-30,League,GD McGrath,Feroz Shah Kotla,Delhi Daredevils,Royal Challengers Bangalore,Royal Challengers Bangalore,field,Delhi Daredevils,runs,10.0,192.0,20.0,N,normal,Aleem Dar,I Shivram
17,2008,Hyderabad,2008-05-01,League,SE Marsh,"Rajiv Gandhi International Stadium, Uppal",Deccan Chargers,Kings XI Punjab,Kings XI Punjab,field,Kings XI Punjab,wickets,7.0,165.0,20.0,N,normal,BR Doctrove,RB Tiffin
18,2008,Jaipur,2008-05-01,League,SA Asnodkar,Sawai Mansingh Stadium,Rajasthan Royals,Kolkata Knight Riders,Rajasthan Royals,bat,Rajasthan Royals,runs,45.0,197.0,20.0,N,normal,RE Koertzen,GA Pratapkumar
19,2008,Chennai,2008-05-02,League,V Sehwag,"MA Chidambaram Stadium, Chepauk",Chennai Super Kings,Delhi Daredevils,Chennai Super Kings,bat,Delhi Daredevils,wickets,8.0,170.0,20.0,N,normal,BF Bowden,K Hariharan
20,2008,Chandigarh,2008-05-03,League,IK Pathan,"Punjab Cricket Association Stadium, Mohali",Kings XI Punjab,Kolkata Knight Riders,Kings XI Punjab,bat,Kings XI Punjab,runs,9.0,179.0,20.0,N,normal,DJ Harper,I Shivram
21,2008,Bangalore,2008-05-03,League,P Kumar,M Chinnaswamy Stadium,Royal Challengers Bangalore,Deccan Chargers,Deccan Chargers,field,Royal Challengers Bangalore,runs,3.0,157.0,20.0,N,normal,BR Doctrove,SL Shastri
22,2008,Mumbai,2008-05-04,League,SM Pollock,Dr DY Patil Sports Academy,Mumbai Indians,Delhi Daredevils,Delhi Daredevils,field,Mumbai Indians,runs,29.0,163.0,20.0,N,normal,IL Howell,RE Koertzen
23,2008,Jaipur,2008-05-04,League,Sohail Tanvir,Sawai Mansingh Stadium,Rajasthan Royals,Chennai Super Kings,Chennai Super Kings,bat,Rajasthan Royals,wickets,8.0,110.0,20.0,N,normal,Asad Rauf,AV Jayaprakash
24,2008,Bangalore,2008-05-05,League,S Sreesanth,M Chinnaswamy Stadium,Royal Challengers Bangalore,Kings XI Punjab,Kings XI Punjab,field,Kings XI Punjab,wickets,6.0,127.0,20.0,N,normal,SJ Davis,BR Doctrove
25,2008,Chennai,2008-05-06,League,AC Gilchrist,"MA Chidambaram Stadium, Chepauk",Chennai Super Kings,Deccan Chargers,Deccan Chargers,field,Deccan Chargers,wickets,7.0,145.0,20.0,N,normal,MR Benson,RB Tiffin
26,2008,Mumbai,2008-05-07,League,A Nehra,Dr DY Patil Sports Academy,Mumbai Indians,Rajasthan Royals,Mumbai Indians,field,Mumbai Indians,wickets,7.0,104.0,20.0,N,normal,DJ Harper,RE Koertzen
27,2008,Delhi,2008-05-08,League,MS Dhoni,Feroz Shah Kotla,Delhi Daredevils,Chennai Super Kings,Chennai Super Kings,field,Chennai Super Kings,wickets,4.0,188.0,20.0,N,normal,Aleem Dar,RB Tiffin
28,2008,Kolkata,2008-05-08,League,SC Ganguly,Eden Gardens,Kolkata Knight Riders,Royal Challengers Bangalore,Kolkata Knight Riders,bat,Kolkata Knight Riders,runs,5.0,130.0,16.0,N,normal,Asad Rauf,IL Howell
29,2008,Jaipur,2008-05-09,League,YK Pathan,Sawai Mansingh Stadium,Rajasthan Royals,Deccan Chargers,Rajasthan Royals,field,Rajasthan Royals,wickets,8.0,141.0,20.0,N,normal,MR Benson,AM Saheba
30,2008,Chennai,2008-05-10,League,L Balaji,"MA Chidambaram Stadium, Chepauk",Chennai Super Kings,Kings XI Punjab,Kings XI Punjab,field,Chennai Super Kings,runs,18.0,182.0,20.0,N,normal,AV Jayaprakash,BG Jerling
31,2008,Hyderabad,2008-05-11,League,SC Ganguly,"Rajiv Gandhi International Stadium, Uppal",Deccan Chargers,Kolkata Knight Riders,Kolkata Knight Riders,bat,Kolkata Knight Riders,runs,23.0,205.0,20.0,N,normal,IL Howell,AM Saheba
32,2008,Jaipur,2008-05-11,League,SR Watson,Sawai Mansingh Stadium,Rajasthan Royals,Delhi Daredevils,Rajasthan Royals,field,Rajasthan Royals,wickets,3.0,157.0,20.0,N,normal,SJ Davis,RE Koertzen
33,2008,Chandigarh,2008-05-12,League,SE Marsh,"Punjab Cricket Association Stadium, Mohali",Kings XI Punjab,Royal Challengers Bangalore,Royal Challengers Bangalore,bat,Kings XI Punjab,wickets,9.0,144.0,20.0,N,normal,BR Doctrove,I Shivram
34,2008,Kolkata,2008-05-13,League,Shoaib Akhtar,Eden Gardens,Kolkata Knight Riders,Delhi Daredevils,Kolkata Knight Riders,bat,Kolkata Knight Riders,runs,23.0,134.0,20.0,N,normal,Asad Rauf,IL Howell
35,2008,Mumbai,2008-05-14,League,ST Jayasuriya,Wankhede Stadium,Mumbai Indians,Chennai Super Kings,Mumbai Indians,field,Mumbai Indians,wickets,9.0,157.0,20.0,N,normal,BR Doctrove,AM Saheba
36,2008,Delhi,2008-05-15,League,A Mishra,Feroz Shah Kotla,Delhi Daredevils,Deccan Chargers,Deccan Chargers,field,Delhi Daredevils,runs,12.0,195.0,20.0,N,normal,BG Jerling,GA Pratapkumar
37,2008,Mumbai,2008-05-16,League,SM Pollock,Wankhede Stadium,Mumbai Indians,Kolkata Knight Riders,Mumbai Indians,field,Mumbai Indians,wickets,8.0,68.0,20.0,N,normal,BR Doctrove,DJ Harper
38,2008,Delhi,2008-05-17,League,DPMD Jayawardene,Feroz Shah Kotla,Delhi Daredevils,Kings XI Punjab,Delhi Daredevils,bat,Kings XI Punjab,runs,6.0,89.0,8.0,N,D/L,AV Jayaprakash,RE Koertzen
39,2008,Jaipur,2008-05-17,League,GC Smith,Sawai Mansingh Stadium,Rajasthan Royals,Royal Challengers Bangalore,Royal Challengers Bangalore,field,Rajasthan Royals,runs,65.0,198.0,20.0,N,normal,BF Bowden,SL Shastri
40,2008,Hyderabad,2008-05-18,League,DJ Bravo,"Rajiv Gandhi International Stadium, Uppal",Deccan Chargers,Mumbai Indians,Deccan Chargers,field,Mumbai Indians,runs,25.0,179.0,20.0,N,normal,BR Doctrove,DJ Harper
41,2008,Kolkata,2008-05-18,League,M Ntini,Eden Gardens,Kolkata Knight Riders,Chennai Super Kings,Kolkata Knight Riders,bat,Chennai Super Kings,runs,3.0,53.0,8.0,N,D/L,Asad Rauf,K Hariharan
42,2008,Bangalore,2008-05-19,League,SP Goswami,M Chinnaswamy Stadium,Royal Challengers Bangalore,Delhi Daredevils,Delhi Daredevils,field,Delhi Daredevils,wickets,5.0,155.0,20.0,N,normal,SJ Davis,GA Pratapkumar
43,2008,Kolkata,2008-05-20,League,YK Pathan,Eden Gardens,Kolkata Knight Riders,Rajasthan Royals,Rajasthan Royals,field,Rajasthan Royals,wickets,6.0,148.0,20.0,N,normal,BG Jerling,RE Koertzen
44,2008,Mumbai,2008-05-21,League,SE Marsh,Wankhede Stadium,Mumbai Indians,Kings XI Punjab,Mumbai Indians,field,Kings XI Punjab,runs,1.0,190.0,20.0,N,normal,BF Bowden,GA Pratapkumar
45,2008,Chennai,2008-05-21,League,A Kumble,"MA Chidambaram Stadium, Chepauk",Chennai Super Kings,Royal Challengers Bangalore,Royal Challengers Bangalore,bat,Royal Challengers Bangalore,runs,14.0,127.0,20.0,N,normal,DJ Harper,I Shivram
46,2008,Chandigarh,2008-05-23,League,SE Marsh,"Punjab Cricket Association Stadium, Mohali",Kings XI Punjab,Deccan Chargers,Kings XI Punjab,field,Kings XI Punjab,wickets,6.0,176.0,20.0,N,normal,Asad Rauf,SJ Davis
47,2008,Delhi,2008-05-24,League,KD Karthik,Feroz Shah Kotla,Delhi Daredevils,Mumbai Indians,Delhi Daredevils,field,Delhi Daredevils,wickets,5.0,177.0,20.0,N,normal,BF Bowden,K Hariharan
48,2008,Chennai,2008-05-24,League,JA Morkel,"MA Chidambaram Stadium, Chepauk",Chennai Super Kings,Rajasthan Royals,Rajasthan Royals,bat,Rajasthan Royals,runs,10.0,212.0,20.0,N,normal,DJ Harper,SL Shastri
49,2008,Hyderabad,2008-05-25,League,R Vinay Kumar,"Rajiv Gandhi International Stadium, Uppal",Deccan Chargers,Royal Challengers Bangalore,Deccan Chargers,bat,Royal Challengers Bangalore,wickets,5.0,166.0,20.0,N,normal,Asad Rauf,RE Koertzen
50,2008,Kolkata,2008-05-25,League,Umar Gul,Eden Gardens,Kolkata Knight Riders,Kings XI Punjab,Kings XI Punjab,bat,Kolkata Knight Riders,wickets,3.0,175.0,20.0,N,normal,SJ Davis,I Shivram
51,2008,Jaipur,2008-05-26,League,Sohail Tanvir,Sawai Mansingh Stadium,Rajasthan Royals,Mumbai Indians,Rajasthan Royals,field,Rajasthan Royals,wickets,5.0,146.0,20.0,N,normal,BF Bowden,K Hariharan
52,2008,Hyderabad,2008-05-27,League,SK Raina,"Rajiv Gandhi International Stadium, Uppal",Deccan Chargers,Chennai Super Kings,Deccan Chargers,bat,Chennai Super Kings,wickets,7.0,148.0,20.0,N,normal,BG Jerling,AM Saheba
53,2008,Bangalore,2008-05-28,League,CRD Fernando,M Chinnaswamy Stadium,Royal Challengers Bangalore,Mumbai Indians,Mumbai Indians,field,Mumbai Indians,wickets,9.0,123.0,18.0,N,normal,BF Bowden,AV Jayaprakash
54,2008,Chandigarh,2008-05-28,League,SE Marsh,"Punjab Cricket Association Stadium, Mohali",Kings XI Punjab,Rajasthan Royals,Rajasthan Royals,field,Kings XI Punjab,runs,41.0,222.0,20.0,N,normal,SJ Davis,K Hariharan
55,2008,Mumbai,2008-05-30,Semi Final,SR Watson,Wankhede Stadium,Delhi Daredevils,Rajasthan Royals,Delhi Daredevils,field,Rajasthan Royals,runs,105.0,193.0,20.0,N,normal,BF Bowden,RE Koertzen
56,2008,Mumbai,2008-05-31,Semi Final,M Ntini,Wankhede Stadium,Chennai Super Kings,Kings XI Punjab,Kings XI Punjab,bat,Chennai Super Kings,wickets,9.0,113.0,20.0,N,normal,Asad Rauf,DJ Harper
57,2008,Mumbai,2008-06-01,Final,YK Pathan,Dr DY Patil Sports Academy,Chennai Super Kings,Rajasthan Royals,Rajasthan Royals,field,Rajasthan Royals,wickets,3.0,164.0,20.0,N,normal,BF Bowden,RE Koertzen
58,2009,Cape Town,2009-04-18,League,SR Tendulkar,Newlands,Chennai Super Kings,Mumbai Indians,Chennai Super Kings,field,Mumbai Indians,runs,19.0,166.0,20.0,N,normal,BR Doctrove,K Hariharan
59,2009,Cape Town,2009-04-18,League,R Dravid,Newlands,Royal Challengers Bangalore,Rajasthan Royals,Royal Challengers Bangalore,bat,Royal Challengers Bangalore,runs,75.0,134.0,20.0,N,normal,BR Doctrove,RB Tiffin
60,2009,Cape Town,2009-04-19,League,DL Vettori,Newlands,Delhi Daredevils,Kings XI Punjab,Delhi Daredevils,field,Delhi Daredevils,wickets,10.0,54.0,6.0,N,D/L,MR Benson,SD Ranade
61,2009,Cape Town,2009-04-19,League,RP Singh,Newlands,Deccan Chargers,Kolkata Knight Riders,Kolkata Knight Riders,bat,Deccan Chargers,wickets,8.0,102.0,20.0,N,normal,MR Benson,BR Doctrove
62,2009,Port Elizabeth,2009-04-20,League,M Muralitharan,St George's Park,Royal Challengers Bangalore,Chennai Super Kings,Chennai Super Kings,bat,Chennai Super Kings,runs,92.0,180.0,20.0,N,normal,BG Jerling,SJA Taufel
63,2009,Durban,2009-04-21,League,CH Gayle,Kingsmead,Kings XI Punjab,Kolkata Knight Riders,Kolkata Knight Riders,field,Kolkata Knight Riders,runs,11.0,69.0,9.2,N,D/L,DJ Harper,SD Ranade
64,2009,Cape Town,2009-04-22,League,AC Gilchrist,Newlands,Royal Challengers Bangalore,Deccan Chargers,Deccan Chargers,bat,Deccan Chargers,runs,24.0,185.0,20.0,N,normal,M Erasmus,AM Saheba
65,2009,Durban,2009-04-23,League,AB de Villiers,Kingsmead,Chennai Super Kings,Delhi Daredevils,Delhi Daredevils,bat,Delhi Daredevils,runs,9.0,190.0,20.0,N,normal,BR Doctrove,SJA Taufel
66,2009,Cape Town,2009-04-23,League,YK Pathan,Newlands,Kolkata Knight Riders,Rajasthan Royals,Kolkata Knight Riders,field,Rajasthan Royals,tie,,151.0,20.0,Y,normal,MR Benson,M Erasmus
67,2009,Durban,2009-04-24,League,RS Bopara,Kingsmead,Royal Challengers Bangalore,Kings XI Punjab,Royal Challengers Bangalore,bat,Kings XI Punjab,wickets,7.0,169.0,20.0,N,normal,BR Doctrove,TH Wijewardene
68,2009,Durban,2009-04-25,League,PP Ojha,Kingsmead,Deccan Chargers,Mumbai Indians,Deccan Chargers,bat,Deccan Chargers,runs,12.0,169.0,20.0,N,normal,HDPK Dharmasena,SJA Taufel
69,2009,Port Elizabeth,2009-04-26,League,TM Dilshan,St George's Park,Royal Challengers Bangalore,Delhi Daredevils,Royal Challengers Bangalore,bat,Delhi Daredevils,wickets,6.0,150.0,20.0,N,normal,S Asnani,BG Jerling
70,2009,Cape Town,2009-04-26,League,KC Sangakkara,Newlands,Kings XI Punjab,Rajasthan Royals,Kings XI Punjab,bat,Kings XI Punjab,runs,27.0,140.0,20.0,N,normal,M Erasmus,K Hariharan
71,2009,Durban,2009-04-27,League,HH Gibbs,Kingsmead,Chennai Super Kings,Deccan Chargers,Deccan Chargers,field,Deccan Chargers,wickets,6.0,166.0,20.0,N,normal,IL Howell,TH Wijewardene
72,2009,Port Elizabeth,2009-04-27,League,SR Tendulkar,St George's Park,Kolkata Knight Riders,Mumbai Indians,Mumbai Indians,bat,Mumbai Indians,runs,92.0,188.0,20.0,N,normal,BG Jerling,RB Tiffin
73,2009,Centurion,2009-04-28,League,YK Pathan,SuperSport Park,Delhi Daredevils,Rajasthan Royals,Delhi Daredevils,bat,Rajasthan Royals,wickets,5.0,144.0,20.0,N,normal,GAV Baxter,RE Koertzen
74,2009,Durban,2009-04-29,League,MV Boucher,Kingsmead,Royal Challengers Bangalore,Kolkata Knight Riders,Kolkata Knight Riders,bat,Royal Challengers Bangalore,wickets,5.0,140.0,20.0,N,normal,MR Benson,TH Wijewardene
75,2009,Durban,2009-04-29,League,KC Sangakkara,Kingsmead,Kings XI Punjab,Mumbai Indians,Kings XI Punjab,bat,Kings XI Punjab,runs,3.0,120.0,20.0,N,normal,MR Benson,SL Shastri
76,2009,Centurion,2009-04-30,League,DP Nannes,SuperSport Park,Deccan Chargers,Delhi Daredevils,Delhi Daredevils,field,Delhi Daredevils,wickets,6.0,149.0,20.0,N,normal,GAV Baxter,AM Saheba
77,2009,Centurion,2009-04-30,League,SK Raina,SuperSport Park,Chennai Super Kings,Rajasthan Royals,Rajasthan Royals,field,Chennai Super Kings,runs,38.0,165.0,20.0,N,normal,GAV Baxter,RE Koertzen
78,2009,East London,2009-05-01,League,JP Duminy,Buffalo Park,Kolkata Knight Riders,Mumbai Indians,Mumbai Indians,bat,Mumbai Indians,runs,9.0,149.0,20.0,N,normal,M Erasmus,SK Tarapore
79,2009,Durban,2009-05-01,League,Yuvraj Singh,Kingsmead,Royal Challengers Bangalore,Kings XI Punjab,Royal Challengers Bangalore,bat,Royal Challengers Bangalore,runs,8.0,146.0,20.0,N,normal,HDPK Dharmasena,S Ravi
80,2009,Port Elizabeth,2009-05-02,League,YK Pathan,St George's Park,Deccan Chargers,Rajasthan Royals,Deccan Chargers,bat,Rajasthan Royals,wickets,3.0,142.0,20.0,N,normal,S Asnani,BG Jerling
81,2009,Johannesburg,2009-05-02,League,SB Jakati,New Wanderers Stadium,Chennai Super Kings,Delhi Daredevils,Delhi Daredevils,field,Chennai Super Kings,runs,18.0,164.0,20.0,N,normal,DJ Harper,RE Koertzen
82,2009,Port Elizabeth,2009-05-03,League,DPMD Jayawardene,St George's Park,Kings XI Punjab,Kolkata Knight Riders,Kolkata Knight Riders,bat,Kings XI Punjab,wickets,6.0,154.0,20.0,N,normal,S Asnani,MR Benson
83,2009,Johannesburg,2009-05-03,League,JH Kallis,New Wanderers Stadium,Royal Challengers Bangalore,Mumbai Indians,Mumbai Indians,bat,Royal Challengers Bangalore,wickets,9.0,150.0,20.0,N,normal,RE Koertzen,TH Wijewardene
84,2009,East London,2009-05-04,League,MS Dhoni,Buffalo Park,Chennai Super Kings,Deccan Chargers,Chennai Super Kings,bat,Chennai Super Kings,runs,78.0,179.0,20.0,N,normal,BR Doctrove,M Erasmus
85,2009,Durban,2009-05-05,League,GC Smith,Kingsmead,Kings XI Punjab,Rajasthan Royals,Kings XI Punjab,field,Rajasthan Royals,runs,78.0,212.0,20.0,N,normal,SS Hazare,IL Howell
86,2009,Durban,2009-05-05,League,G Gambhir,Kingsmead,Delhi Daredevils,Kolkata Knight Riders,Kolkata Knight Riders,bat,Delhi Daredevils,wickets,9.0,155.0,20.0,N,normal,GAV Baxter,IL Howell
87,2009,Centurion,2009-05-06,League,RG Sharma,SuperSport Park,Deccan Chargers,Mumbai Indians,Deccan Chargers,bat,Deccan Chargers,runs,19.0,146.0,20.0,N,normal,MR Benson,HDPK Dharmasena
88,2009,Centurion,2009-05-07,League,A Singh,SuperSport Park,Royal Challengers Bangalore,Rajasthan Royals,Rajasthan Royals,field,Rajasthan Royals,wickets,7.0,106.0,20.0,N,normal,K Hariharan,DJ Harper
89,2009,Centurion,2009-05-07,League,ML Hayden,SuperSport Park,Chennai Super Kings,Kings XI Punjab,Chennai Super Kings,bat,Chennai Super Kings,runs,12.0,187.0,18.0,N,D/L,DJ Harper,TH Wijewardene
90,2009,East London,2009-05-08,League,A Nehra,Buffalo Park,Delhi Daredevils,Mumbai Indians,Mumbai Indians,bat,Delhi Daredevils,wickets,7.0,117.0,20.0,N,normal,M Erasmus,SK Tarapore
91,2009,Kimberley,2009-05-09,League,DPMD Jayawardene,De Beers Diamond Oval,Deccan Chargers,Kings XI Punjab,Kings XI Punjab,field,Kings XI Punjab,wickets,3.0,169.0,20.0,N,normal,GAV Baxter,AM Saheba
92,2009,Kimberley,2009-05-09,League,S Badrinath,De Beers Diamond Oval,Chennai Super Kings,Rajasthan Royals,Rajasthan Royals,bat,Chennai Super Kings,wickets,7.0,141.0,20.0,N,normal,GAV Baxter,HDPK Dharmasena
93,2009,Port Elizabeth,2009-05-10,League,JP Duminy,St George's Park,Royal Challengers Bangalore,Mumbai Indians,Mumbai Indians,bat,Mumbai Indians,runs,16.0,158.0,20.0,N,normal,BR Doctrove,BG Jerling
94,2009,Johannesburg,2009-05-10,League,A Mishra,New Wanderers Stadium,Delhi Daredevils,Kolkata Knight Riders,Delhi Daredevils,field,Delhi Daredevils,wickets,7.0,124.0,20.0,N,normal,SL Shastri,RB Tiffin
95,2009,Kimberley,2009-05-11,League,DR Smith,De Beers Diamond Oval,Deccan Chargers,Rajasthan Royals,Deccan Chargers,bat,Deccan Chargers,runs,53.0,167.0,20.0,N,normal,GAV Baxter,HDPK Dharmasena
96,2009,Centurion,2009-05-12,League,LRPL Taylor,SuperSport Park,Royal Challengers Bangalore,Kolkata Knight Riders,Royal Challengers Bangalore,field,Royal Challengers Bangalore,wickets,6.0,174.0,20.0,N,normal,M Erasmus,SS Hazare
97,2009,Centurion,2009-05-12,League,Harbhajan Singh,SuperSport Park,Kings XI Punjab,Mumbai Indians,Kings XI Punjab,bat,Mumbai Indians,wickets,8.0,120.0,20.0,N,normal,SS Hazare,RE Koertzen
98,2009,Durban,2009-05-13,League,R Bhatia,Kingsmead,Deccan Chargers,Delhi Daredevils,Deccan Chargers,field,Delhi Daredevils,runs,12.0,174.0,20.0,N,normal,DJ Harper,SL Shastri
99,2009,Durban,2009-05-14,League,LRPL Taylor,Kingsmead,Royal Challengers Bangalore,Chennai Super Kings,Chennai Super Kings,bat,Royal Challengers Bangalore,wickets,2.0,130.0,20.0,N,normal,BR Doctrove,DJ Harper
100,2009,Durban,2009-05-14,League,SK Warne,Kingsmead,Mumbai Indians,Rajasthan Royals,Rajasthan Royals,bat,Rajasthan Royals,runs,2.0,146.0,20.0,N,normal,BR Doctrove,DJ Harper
101,2009,Bloemfontein,2009-05-15,League,B Lee,OUTsurance Oval,Delhi Daredevils,Kings XI Punjab,Kings XI Punjab,field,Kings XI Punjab,wickets,6.0,121.0,20.0,N,normal,HDPK Dharmasena,IL Howell
102,2009,Port Elizabeth,2009-05-16,League,ML Hayden,St George's Park,Chennai Super Kings,Mumbai Indians,Mumbai Indians,bat,Chennai Super Kings,wickets,7.0,148.0,20.0,N,normal,SK Tarapore,SJA Taufel
103,2009,Johannesburg,2009-05-16,League,RG Sharma,New Wanderers Stadium,Deccan Chargers,Kolkata Knight Riders,Deccan Chargers,field,Deccan Chargers,wickets,6.0,161.0,20.0,N,normal,RE Koertzen,S Ravi
104,2009,Johannesburg,2009-05-17,League,Yuvraj Singh,New Wanderers Stadium,Deccan Chargers,Kings XI Punjab,Deccan Chargers,field,Kings XI Punjab,runs,1.0,135.0,20.0,N,normal,S Ravi,RB Tiffin
105,2009,Bloemfontein,2009-05-17,League,AB de Villiers,OUTsurance Oval,Delhi Daredevils,Rajasthan Royals,Delhi Daredevils,bat,Delhi Daredevils,runs,14.0,151.0,20.0,N,normal,SS Hazare,IL Howell
106,2009,Centurion,2009-05-18,League,BJ Hodge,SuperSport Park,Chennai Super Kings,Kolkata Knight Riders,Chennai Super Kings,bat,Kolkata Knight Riders,wickets,7.0,189.0,20.0,N,normal,SJA Taufel,RB Tiffin
107,2009,Johannesburg,2009-05-19,League,JH Kallis,New Wanderers Stadium,Royal Challengers Bangalore,Delhi Daredevils,Delhi Daredevils,bat,Royal Challengers Bangalore,wickets,7.0,135.0,20.0,N,normal,IL Howell,RB Tiffin
108,2009,Durban,2009-05-20,League,LR Shukla,Kingsmead,Kolkata Knight Riders,Rajasthan Royals,Kolkata Knight Riders,field,Kolkata Knight Riders,wickets,4.0,102.0,20.0,N,normal,BG Jerling,SJA Taufel
109,2009,Durban,2009-05-20,League,M Muralitharan,Kingsmead,Chennai Super Kings,Kings XI Punjab,Chennai Super Kings,bat,Chennai Super Kings,runs,24.0,117.0,20.0,N,normal,BG Jerling,SJA Taufel
110,2009,Centurion,2009-05-21,League,V Sehwag,SuperSport Park,Delhi Daredevils,Mumbai Indians,Delhi Daredevils,field,Delhi Daredevils,wickets,4.0,166.0,20.0,N,normal,IL Howell,S Ravi
111,2009,Centurion,2009-05-21,League,MK Pandey,SuperSport Park,Royal Challengers Bangalore,Deccan Chargers,Royal Challengers Bangalore,bat,Royal Challengers Bangalore,runs,12.0,171.0,20.0,N,normal,IL Howell,S Ravi
112,2009,Centurion,2009-05-22,Semi Final,AC Gilchrist,SuperSport Park,Delhi Daredevils,Deccan Chargers,Deccan Chargers,field,Deccan Chargers,wickets,6.0,154.0,20.0,N,normal,BR Doctrove,DJ Harper
113,2009,Johannesburg,2009-05-23,Semi Final,MK Pandey,New Wanderers Stadium,Royal Challengers Bangalore,Chennai Super Kings,Royal Challengers Bangalore,field,Royal Challengers Bangalore,wickets,6.0,147.0,20.0,N,normal,RE Koertzen,SJA Taufel
114,2009,Johannesburg,2009-05-24,Final,A Kumble,New Wanderers Stadium,Royal Challengers Bangalore,Deccan Chargers,Royal Challengers Bangalore,field,Deccan Chargers,runs,6.0,144.0,20.0,N,normal,RE Koertzen,SJA Taufel
115,2010,Mumbai,2010-03-12,League,AD Mathews,Dr DY Patil Sports Academy,Deccan Chargers,Kolkata Knight Riders,Deccan Chargers,field,Kolkata Knight Riders,runs,11.0,162.0,20.0,N,normal,RE Koertzen,RB Tiffin
116,2010,Mumbai,2010-03-13,League,YK Pathan,Brabourne Stadium,Mumbai Indians,Rajasthan Royals,Mumbai Indians,bat,Mumbai Indians,runs,4.0,213.0,20.0,N,normal,RE Koertzen,RB Tiffin
117,2010,Chandigarh,2010-03-13,League,G Gambhir,"Punjab Cricket Association Stadium, Mohali",Kings XI Punjab,Delhi Daredevils,Delhi Daredevils,field,Delhi Daredevils,wickets,5.0,143.0,20.0,N,normal,BR Doctrove,S Ravi
118,2010,Kolkata,2010-03-14,League,MK Tiwary,Eden Gardens,Kolkata Knight Riders,Royal Challengers Bangalore,Kolkata Knight Riders,field,Kolkata Knight Riders,wickets,7.0,136.0,20.0,N,normal,HDPK Dharmasena,AM Saheba
119,2010,Chennai,2010-03-14,League,WPUJC Vaas,"MA Chidambaram Stadium, Chepauk",Chennai Super Kings,Deccan Chargers,Deccan Chargers,bat,Deccan Chargers,runs,31.0,191.0,20.0,N,normal,K Hariharan,DJ Harper
120,2010,Ahmedabad,2010-03-15,League,V Sehwag,"Sardar Patel Stadium, Motera",Rajasthan Royals,Delhi Daredevils,Delhi Daredevils,field,Delhi Daredevils,wickets,6.0,142.0,20.0,N,normal,BG Jerling,RE Koertzen
121,2010,Bangalore,2010-03-16,League,JH Kallis,M Chinnaswamy Stadium,Royal Challengers Bangalore,Kings XI Punjab,Kings XI Punjab,bat,Royal Challengers Bangalore,wickets,8.0,204.0,20.0,N,normal,S Das,DJ Harper
122,2010,Kolkata,2010-03-16,League,MS Dhoni,Eden Gardens,Kolkata Knight Riders,Chennai Super Kings,Chennai Super Kings,bat,Chennai Super Kings,runs,55.0,165.0,20.0,N,normal,HDPK Dharmasena,AM Saheba
123,2010,Delhi,2010-03-17,League,SR Tendulkar,Feroz Shah Kotla,Delhi Daredevils,Mumbai Indians,Delhi Daredevils,field,Mumbai Indians,runs,98.0,219.0,20.0,N,normal,BR Doctrove,SK Tarapore
124,2010,Bangalore,2010-03-18,League,JH Kallis,M Chinnaswamy Stadium,Royal Challengers Bangalore,Rajasthan Royals,Royal Challengers Bangalore,field,Royal Challengers Bangalore,wickets,10.0,93.0,20.0,N,normal,K Hariharan,DJ Harper
125,2010,Delhi,2010-03-19,League,ML Hayden,Feroz Shah Kotla,Delhi Daredevils,Chennai Super Kings,Delhi Daredevils,bat,Chennai Super Kings,wickets,5.0,186.0,20.0,N,normal,BR Doctrove,SK Tarapore
126,2010,Cuttack,2010-03-19,League,A Symonds,Barabati Stadium,Deccan Chargers,Kings XI Punjab,Kings XI Punjab,field,Deccan Chargers,runs,6.0,171.0,20.0,N,normal,BF Bowden,M Erasmus
127,2010,Ahmedabad,2010-03-20,League,AA Jhunjhunwala,"Sardar Patel Stadium, Motera",Rajasthan Royals,Kolkata Knight Riders,Rajasthan Royals,bat,Rajasthan Royals,runs,34.0,169.0,20.0,N,normal,RE Koertzen,RB Tiffin
128,2010,Mumbai,2010-03-20,League,JH Kallis,Brabourne Stadium,Mumbai Indians,Royal Challengers Bangalore,Mumbai Indians,bat,Royal Challengers Bangalore,wickets,7.0,152.0,20.0,N,normal,HDPK Dharmasena,SS Hazare
129,2010,Cuttack,2010-03-21,League,A Symonds,Barabati Stadium,Deccan Chargers,Delhi Daredevils,Deccan Chargers,bat,Deccan Chargers,runs,10.0,172.0,20.0,N,normal,BF Bowden,M Erasmus
130,2010,Chennai,2010-03-21,League,J Theron,"MA Chidambaram Stadium, Chepauk",Chennai Super Kings,Kings XI Punjab,Chennai Super Kings,field,Kings XI Punjab,tie,,137.0,20.0,Y,normal,K Hariharan,DJ Harper
131,2010,Mumbai,2010-03-22,League,SR Tendulkar,Brabourne Stadium,Mumbai Indians,Kolkata Knight Riders,Kolkata Knight Riders,bat,Mumbai Indians,wickets,7.0,156.0,20.0,N,normal,SS Hazare,SJA Taufel
132,2010,Bangalore,2010-03-23,League,RV Uthappa,M Chinnaswamy Stadium,Royal Challengers Bangalore,Chennai Super Kings,Chennai Super Kings,field,Royal Challengers Bangalore,runs,36.0,172.0,20.0,N,normal,RE Koertzen,RB Tiffin
133,2010,Chandigarh,2010-03-24,League,AC Voges,"Punjab Cricket Association Stadium, Mohali",Kings XI Punjab,Rajasthan Royals,Kings XI Punjab,field,Rajasthan Royals,runs,31.0,184.0,20.0,N,normal,BR Doctrove,SK Tarapore
134,2010,Mumbai,2010-03-25,League,SR Tendulkar,"Brabourne Stadium, Mumbai",Chennai Super Kings,Mumbai Indians,Mumbai Indians,field,Mumbai Indians,wickets,5.0,181.0,20.0,N,normal,AM Saheba,BF Bowden
135,2010,Bangalore,2010-03-25,League,KM Jadhav,M Chinnaswamy Stadium,Royal Challengers Bangalore,Delhi Daredevils,Royal Challengers Bangalore,field,Delhi Daredevils,runs,17.0,184.0,20.0,N,normal,BG Jerling,RE Koertzen
136,2010,Ahmedabad,2010-03-26,League,YK Pathan,"Sardar Patel Stadium, Motera",Rajasthan Royals,Deccan Chargers,Deccan Chargers,bat,Rajasthan Royals,wickets,8.0,149.0,20.0,N,normal,HDPK Dharmasena,SJA Taufel
137,2010,Chandigarh,2010-03-27,League,MK Tiwary,"Punjab Cricket Association Stadium, Mohali",Kings XI Punjab,Kolkata Knight Riders,Kolkata Knight Riders,bat,Kolkata Knight Riders,runs,39.0,184.0,20.0,N,normal,BR Doctrove,S Ravi
138,2010,Ahmedabad,2010-03-28,League,NV Ojha,"Sardar Patel Stadium, Motera",Rajasthan Royals,Chennai Super Kings,Rajasthan Royals,bat,Rajasthan Royals,runs,17.0,178.0,20.0,N,normal,SS Hazare,SJA Taufel
139,2010,Mumbai,2010-03-28,League,Harbhajan Singh,Dr DY Patil Sports Academy,Deccan Chargers,Mumbai Indians,Deccan Chargers,field,Mumbai Indians,runs,41.0,173.0,20.0,N,normal,S Das,K Hariharan
140,2010,Delhi,2010-03-29,League,DA Warner,Feroz Shah Kotla,Delhi Daredevils,Kolkata Knight Riders,Delhi Daredevils,bat,Delhi Daredevils,runs,40.0,178.0,20.0,N,normal,SS Hazare,SJA Taufel
141,2010,Mumbai,2010-03-30,League,SL Malinga,Brabourne Stadium,Mumbai Indians,Kings XI Punjab,Mumbai Indians,field,Mumbai Indians,wickets,4.0,164.0,20.0,N,normal,BR Doctrove,SK Tarapore
142,2010,Chennai,2010-03-31,League,M Vijay,"MA Chidambaram Stadium, Chepauk",Chennai Super Kings,Royal Challengers Bangalore,Royal Challengers Bangalore,bat,Chennai Super Kings,wickets,5.0,162.0,20.0,N,normal,BG Jerling,RE Koertzen
143,2010,Delhi,2010-03-31,League,KD Karthik,Feroz Shah Kotla,Delhi Daredevils,Rajasthan Royals,Delhi Daredevils,bat,Delhi Daredevils,runs,67.0,189.0,20.0,N,normal,HDPK Dharmasena,SJA Taufel
144,2010,Kolkata,2010-04-01,League,SC Ganguly,Eden Gardens,Kolkata Knight Riders,Deccan Chargers,Kolkata Knight Riders,bat,Kolkata Knight Riders,runs,24.0,182.0,20.0,N,normal,K Hariharan,DJ Harper
145,2010,Chandigarh,2010-04-02,League,KP Pietersen,"Punjab Cricket Association Stadium, Mohali",Kings XI Punjab,Royal Challengers Bangalore,Kings XI Punjab,bat,Royal Challengers Bangalore,wickets,6.0,182.0,20.0,N,normal,BF Bowden,M Erasmus
146,2010,Chennai,2010-04-03,League,M Vijay,"MA Chidambaram Stadium, Chepauk",Chennai Super Kings,Rajasthan Royals,Chennai Super Kings,bat,Chennai Super Kings,runs,23.0,247.0,20.0,N,normal,RE Koertzen,RB Tiffin
147,2010,Mumbai,2010-04-03,League,AT Rayudu,Brabourne Stadium,Mumbai Indians,Deccan Chargers,Mumbai Indians,bat,Mumbai Indians,runs,63.0,179.0,20.0,N,normal,BR Doctrove,S Ravi
148,2010,Kolkata,2010-04-04,League,DPMD Jayawardene,Eden Gardens,Kolkata Knight Riders,Kings XI Punjab,Kolkata Knight Riders,bat,Kings XI Punjab,wickets,8.0,201.0,20.0,N,normal,S Asnani,DJ Harper
149,2010,Delhi,2010-04-04,League,PD Collingwood,Feroz Shah Kotla,Delhi Daredevils,Royal Challengers Bangalore,Delhi Daredevils,bat,Delhi Daredevils,runs,37.0,185.0,20.0,N,normal,BF Bowden,M Erasmus
150,2010,Nagpur,2010-04-05,League,SK Warne,"Vidarbha Cricket Association Stadium, Jamtha",Deccan Chargers,Rajasthan Royals,Rajasthan Royals,bat,Rajasthan Royals,runs,2.0,160.0,20.0,N,normal,HDPK Dharmasena,SJA Taufel
151,2010,Chennai,2010-04-06,League,SK Raina,"MA Chidambaram Stadium, Chepauk",Chennai Super Kings,Mumbai Indians,Chennai Super Kings,bat,Chennai Super Kings,runs,24.0,166.0,20.0,N,normal,S Asnani,DJ Harper
152,2010,Jaipur,2010-04-07,League,MJ Lumb,Sawai Mansingh Stadium,Rajasthan Royals,Kings XI Punjab,Kings XI Punjab,bat,Rajasthan Royals,wickets,9.0,154.0,20.0,N,normal,S Ravi,SK Tarapore
153,2010,Kolkata,2010-04-07,League,SC Ganguly,Eden Gardens,Kolkata Knight Riders,Delhi Daredevils,Kolkata Knight Riders,bat,Kolkata Knight Riders,runs,14.0,182.0,20.0,N,normal,BG Jerling,RE Koertzen
154,2010,Bangalore,2010-04-08,League,TL Suman,M Chinnaswamy Stadium,Royal Challengers Bangalore,Deccan Chargers,Deccan Chargers,field,Deccan Chargers,wickets,7.0,185.0,20.0,N,normal,S Asnani,DJ Harper
155,2010,Chandigarh,2010-04-09,League,KC Sangakkara,"Punjab Cricket Association Stadium, Mohali",Kings XI Punjab,Mumbai Indians,Mumbai Indians,bat,Kings XI Punjab,wickets,6.0,155.0,20.0,N,normal,M Erasmus,AM Saheba
156,2010,Nagpur,2010-04-10,League,RJ Harris,"Vidarbha Cricket Association Stadium, Jamtha",Deccan Chargers,Chennai Super Kings,Chennai Super Kings,bat,Deccan Chargers,wickets,6.0,139.0,20.0,N,normal,HDPK Dharmasena,SJA Taufel
157,2010,Bangalore,2010-04-10,League,R Vinay Kumar,M Chinnaswamy Stadium,Royal Challengers Bangalore,Kolkata Knight Riders,Royal Challengers Bangalore,field,Royal Challengers Bangalore,wickets,7.0,161.0,20.0,N,normal,K Hariharan,DJ Harper
158,2010,Delhi,2010-04-11,League,PP Chawla,Feroz Shah Kotla,Delhi Daredevils,Kings XI Punjab,Delhi Daredevils,bat,Kings XI Punjab,wickets,7.0,112.0,20.0,N,normal,BF Bowden,AM Saheba
159,2010,Jaipur,2010-04-11,League,SR Tendulkar,Sawai Mansingh Stadium,Rajasthan Royals,Mumbai Indians,Rajasthan Royals,field,Mumbai Indians,runs,37.0,175.0,20.0,N,normal,BR Doctrove,SK Tarapore
160,2010,Nagpur,2010-04-12,League,Harmeet Singh,"Vidarbha Cricket Association Stadium, Jamtha",Deccan Chargers,Royal Challengers Bangalore,Royal Challengers Bangalore,field,Deccan Chargers,runs,13.0,152.0,20.0,N,normal,RE Koertzen,RB Tiffin
161,2010,Mumbai,2010-04-13,League,KA Pollard,Brabourne Stadium,Mumbai Indians,Delhi Daredevils,Mumbai Indians,bat,Mumbai Indians,runs,39.0,184.0,20.0,N,normal,S Asnani,DJ Harper
162,2010,Chennai,2010-04-13,League,R Ashwin,"MA Chidambaram Stadium, Chepauk",Chennai Super Kings,Kolkata Knight Riders,Kolkata Knight Riders,bat,Chennai Super Kings,wickets,9.0,140.0,20.0,N,normal,SS Hazare,SJA Taufel
163,2010,Jaipur,2010-04-14,League,KP Pietersen,Sawai Mansingh Stadium,Rajasthan Royals,Royal Challengers Bangalore,Rajasthan Royals,bat,Royal Challengers Bangalore,wickets,5.0,131.0,20.0,N,normal,BR Doctrove,S Ravi
164,2010,Chennai,2010-04-15,League,G Gambhir,"MA Chidambaram Stadium, Chepauk",Chennai Super Kings,Delhi Daredevils,Chennai Super Kings,bat,Delhi Daredevils,wickets,6.0,113.0,20.0,N,normal,HDPK Dharmasena,SS Hazare
165,2010,Dharamsala,2010-04-16,League,RG Sharma,Himachal Pradesh Cricket Association Stadium,Kings XI Punjab,Deccan Chargers,Deccan Chargers,field,Deccan Chargers,wickets,5.0,175.0,20.0,N,normal,M Erasmus,AM Saheba
166,2010,Bangalore,2010-04-17,League,R McLaren,M Chinnaswamy Stadium,Royal Challengers Bangalore,Mumbai Indians,Royal Challengers Bangalore,field,Mumbai Indians,runs,57.0,192.0,20.0,N,normal,HDPK Dharmasena,SJA Taufel
167,2010,Kolkata,2010-04-17,League,JD Unadkat,Eden Gardens,Kolkata Knight Riders,Rajasthan Royals,Rajasthan Royals,bat,Kolkata Knight Riders,wickets,8.0,133.0,20.0,N,normal,BG Jerling,RB Tiffin
168,2010,Dharamsala,2010-04-18,League,MS Dhoni,Himachal Pradesh Cricket Association Stadium,Kings XI Punjab,Chennai Super Kings,Chennai Super Kings,field,Chennai Super Kings,wickets,6.0,193.0,20.0,N,normal,BF Bowden,AM Saheba
169,2010,Delhi,2010-04-18,League,A Symonds,Feroz Shah Kotla,Delhi Daredevils,Deccan Chargers,Deccan Chargers,bat,Deccan Chargers,runs,11.0,146.0,20.0,N,normal,BR Doctrove,SK Tarapore
170,2010,Kolkata,2010-04-19,League,M Kartik,Eden Gardens,Kolkata Knight Riders,Mumbai Indians,Mumbai Indians,bat,Kolkata Knight Riders,wickets,9.0,134.0,20.0,N,normal,BG Jerling,RE Koertzen
171,2010,Mumbai,2010-04-21,Semi Final,KA Pollard,Dr DY Patil Sports Academy,Royal Challengers Bangalore,Mumbai Indians,Mumbai Indians,bat,Mumbai Indians,runs,35.0,185.0,20.0,N,normal,BR Doctrove,RB Tiffin
172,2010,Mumbai,2010-04-22,Semi Final,DE Bollinger,Dr DY Patil Sports Academy,Chennai Super Kings,Deccan Chargers,Chennai Super Kings,bat,Chennai Super Kings,runs,38.0,143.0,20.0,N,normal,BR Doctrove,RB Tiffin
173,2010,Mumbai,2010-04-24,3rd Place Play-Off,A Kumble,Dr DY Patil Sports Academy,Royal Challengers Bangalore,Deccan Chargers,Deccan Chargers,bat,Royal Challengers Bangalore,wickets,9.0,83.0,20.0,N,normal,RE Koertzen,SJA Taufel
174,2010,Mumbai,2010-04-25,Final,SK Raina,Dr DY Patil Sports Academy,Chennai Super Kings,Mumbai Indians,Chennai Super Kings,bat,Chennai Super Kings,runs,22.0,169.0,20.0,N,normal,RE Koertzen,SJA Taufel
175,2011,Chennai,2011-04-08,League,S Anirudha,"MA Chidambaram Stadium, Chepauk",Chennai Super Kings,Kolkata Knight Riders,Chennai Super Kings,bat,Chennai Super Kings,runs,2.0,154.0,20.0,N,normal,BR Doctrove,PR Reiffel
176,2011,Hyderabad,2011-04-09,League,SK Trivedi,"Rajiv Gandhi International Stadium, Uppal",Deccan Chargers,Rajasthan Royals,Rajasthan Royals,field,Rajasthan Royals,wickets,8.0,138.0,20.0,N,normal,RE Koertzen,SK Tarapore
177,2011,Kochi,2011-04-09,League,AB de Villiers,Nehru Stadium,Kochi Tuskers Kerala,Royal Challengers Bangalore,Kochi Tuskers Kerala,bat,Royal Challengers Bangalore,wickets,6.0,162.0,20.0,N,normal,HDPK Dharmasena,K Hariharan
178,2011,Delhi,2011-04-10,League,SL Malinga,Feroz Shah Kotla,Delhi Daredevils,Mumbai Indians,Delhi Daredevils,bat,Mumbai Indians,wickets,8.0,96.0,20.0,N,normal,AM Saheba,RB Tiffin
179,2011,Mumbai,2011-04-10,League,SB Wagh,Dr DY Patil Sports Academy,Pune Warriors,Kings XI Punjab,Kings XI Punjab,bat,Pune Warriors,wickets,7.0,113.0,20.0,N,normal,BR Doctrove,PR Reiffel
180,2011,Kolkata,2011-04-11,League,JH Kallis,Eden Gardens,Kolkata Knight Riders,Deccan Chargers,Kolkata Knight Riders,bat,Kolkata Knight Riders,runs,9.0,164.0,20.0,N,normal,RE Koertzen,SK Tarapore
181,2011,Jaipur,2011-04-12,League,SK Warne,Sawai Mansingh Stadium,Rajasthan Royals,Delhi Daredevils,Delhi Daredevils,bat,Rajasthan Royals,wickets,6.0,152.0,20.0,N,normal,Aleem Dar,RB Tiffin
182,2011,Bangalore,2011-04-12,League,SR Tendulkar,M Chinnaswamy Stadium,Royal Challengers Bangalore,Mumbai Indians,Mumbai Indians,field,Mumbai Indians,wickets,9.0,141.0,20.0,N,normal,HDPK Dharmasena,AL Hill
183,2011,Chandigarh,2011-04-13,League,PC Valthaty,"Punjab Cricket Association Stadium, Mohali",Kings XI Punjab,Chennai Super Kings,Kings XI Punjab,field,Kings XI Punjab,wickets,6.0,189.0,20.0,N,normal,Asad Rauf,SL Shastri
184,2011,Mumbai,2011-04-13,League,MD Mishra,Dr DY Patil Sports Academy,Pune Warriors,Kochi Tuskers Kerala,Kochi Tuskers Kerala,bat,Pune Warriors,wickets,4.0,149.0,20.0,N,normal,S Asnani,PR Reiffel
185,2011,Hyderabad,2011-04-14,League,DW Steyn,"Rajiv Gandhi International Stadium, Uppal",Deccan Chargers,Royal Challengers Bangalore,Royal Challengers Bangalore,field,Deccan Chargers,runs,33.0,176.0,20.0,N,normal,RE Koertzen,S Ravi
186,2011,Jaipur,2011-04-15,League,G Gambhir,Sawai Mansingh Stadium,Rajasthan Royals,Kolkata Knight Riders,Kolkata Knight Riders,field,Kolkata Knight Riders,wickets,9.0,160.0,20.0,N,normal,Aleem Dar,SS Hazare
187,2011,Mumbai,2011-04-15,League,BB McCullum,Wankhede Stadium,Mumbai Indians,Kochi Tuskers Kerala,Kochi Tuskers Kerala,field,Kochi Tuskers Kerala,wickets,8.0,183.0,20.0,N,normal,BR Doctrove,PR Reiffel
188,2011,Chennai,2011-04-16,League,MEK Hussey,"MA Chidambaram Stadium, Chepauk",Chennai Super Kings,Royal Challengers Bangalore,Chennai Super Kings,bat,Chennai Super Kings,runs,21.0,184.0,20.0,N,normal,HDPK Dharmasena,AL Hill
189,2011,Hyderabad,2011-04-16,League,PC Valthaty,"Rajiv Gandhi International Stadium, Uppal",Deccan Chargers,Kings XI Punjab,Kings XI Punjab,field,Kings XI Punjab,wickets,8.0,166.0,20.0,N,normal,RE Koertzen,S Ravi
190,2011,Mumbai,2011-04-17,League,Yuvraj Singh,Dr DY Patil Sports Academy,Pune Warriors,Delhi Daredevils,Delhi Daredevils,field,Delhi Daredevils,wickets,3.0,188.0,20.0,N,normal,Asad Rauf,AM Saheba
191,2011,Kolkata,2011-04-17,League,L Balaji,Eden Gardens,Kolkata Knight Riders,Rajasthan Royals,Kolkata Knight Riders,field,Kolkata Knight Riders,wickets,8.0,82.0,20.0,N,normal,Aleem Dar,RB Tiffin
192,2011,Kochi,2011-04-18,League,BB McCullum,Nehru Stadium,Kochi Tuskers Kerala,Chennai Super Kings,Kochi Tuskers Kerala,field,Kochi Tuskers Kerala,wickets,7.0,135.0,17.0,N,D/L,K Hariharan,AL Hill
193,2011,Delhi,2011-04-19,League,S Sohal,Feroz Shah Kotla,Delhi Daredevils,Deccan Chargers,Deccan Chargers,bat,Deccan Chargers,runs,16.0,169.0,20.0,N,normal,PR Reiffel,RJ Tucker
194,2011,Mumbai,2011-04-20,League,MM Patel,Wankhede Stadium,Mumbai Indians,Pune Warriors,Pune Warriors,bat,Mumbai Indians,wickets,7.0,119.0,20.0,N,normal,Asad Rauf,AM Saheba
195,2011,Kolkata,2011-04-20,League,DPMD Jayawardene,Eden Gardens,Kolkata Knight Riders,Kochi Tuskers Kerala,Kolkata Knight Riders,field,Kochi Tuskers Kerala,runs,6.0,133.0,20.0,N,normal,Aleem Dar,RB Tiffin
196,2011,Chandigarh,2011-04-21,League,SE Marsh,"Punjab Cricket Association Stadium, Mohali",Kings XI Punjab,Rajasthan Royals,Rajasthan Royals,field,Kings XI Punjab,runs,48.0,196.0,20.0,N,normal,S Asnani,PR Reiffel
197,2011,Mumbai,2011-04-22,League,Harbhajan Singh,Wankhede Stadium,Mumbai Indians,Chennai Super Kings,Chennai Super Kings,field,Mumbai Indians,runs,8.0,165.0,20.0,N,normal,Asad Rauf,AM Saheba
198,2011,Kolkata,2011-04-22,League,CH Gayle,Eden Gardens,Kolkata Knight Riders,Royal Challengers Bangalore,Royal Challengers Bangalore,field,Royal Challengers Bangalore,wickets,9.0,172.0,20.0,N,normal,SS Hazare,RB Tiffin
199,2011,Delhi,2011-04-23,League,DA Warner,Feroz Shah Kotla,Delhi Daredevils,Kings XI Punjab,Kings XI Punjab,field,Delhi Daredevils,runs,29.0,232.0,20.0,N,normal,S Asnani,RE Koertzen
200,2011,Hyderabad,2011-04-24,League,SL Malinga,"Rajiv Gandhi International Stadium, Uppal",Deccan Chargers,Mumbai Indians,Deccan Chargers,field,Mumbai Indians,runs,37.0,173.0,20.0,N,normal,HDPK Dharmasena,AL Hill
201,2011,Jaipur,2011-04-24,League,SK Warne,Sawai Mansingh Stadium,Rajasthan Royals,Kochi Tuskers Kerala,Rajasthan Royals,field,Rajasthan Royals,wickets,8.0,110.0,20.0,N,normal,BR Doctrove,SK Tarapore
202,2011,Chennai,2011-04-25,League,MEK Hussey,"MA Chidambaram Stadium, Chepauk",Chennai Super Kings,Pune Warriors,Pune Warriors,field,Chennai Super Kings,runs,25.0,143.0,20.0,N,normal,Aleem Dar,RB Tiffin
203,2011,Delhi,2011-04-26,League,V Kohli,Feroz Shah Kotla,Delhi Daredevils,Royal Challengers Bangalore,Royal Challengers Bangalore,field,Royal Challengers Bangalore,wickets,3.0,161.0,20.0,N,normal,S Asnani,RJ Tucker
204,2011,Mumbai,2011-04-27,League,DE Bollinger,Dr DY Patil Sports Academy,Pune Warriors,Chennai Super Kings,Pune Warriors,bat,Chennai Super Kings,wickets,8.0,142.0,20.0,N,normal,Asad Rauf,SL Shastri
205,2011,Kochi,2011-04-27,League,I Sharma,Nehru Stadium,Kochi Tuskers Kerala,Deccan Chargers,Kochi Tuskers Kerala,field,Deccan Chargers,runs,55.0,130.0,20.0,N,normal,HDPK Dharmasena,AL Hill
206,2011,Delhi,2011-04-28,League,MK Tiwary,Feroz Shah Kotla,Delhi Daredevils,Kolkata Knight Riders,Delhi Daredevils,field,Kolkata Knight Riders,runs,17.0,149.0,20.0,N,normal,PR Reiffel,RJ Tucker
207,2011,Jaipur,2011-04-29,League,J Botha,Sawai Mansingh Stadium,Rajasthan Royals,Mumbai Indians,Rajasthan Royals,field,Rajasthan Royals,wickets,7.0,95.0,20.0,N,normal,Asad Rauf,SK Tarapore
208,2011,Bangalore,2011-04-29,League,V Kohli,M Chinnaswamy Stadium,Royal Challengers Bangalore,Pune Warriors,Pune Warriors,field,Royal Challengers Bangalore,runs,26.0,182.0,20.0,N,normal,Aleem Dar,SS Hazare
209,2011,Kochi,2011-04-30,League,V Sehwag,Nehru Stadium,Kochi Tuskers Kerala,Delhi Daredevils,Delhi Daredevils,bat,Delhi Daredevils,runs,38.0,158.0,20.0,N,normal,HDPK Dharmasena,AL Hill
210,2011,Kolkata,2011-04-30,League,Iqbal Abdulla,Eden Gardens,Kolkata Knight Riders,Kings XI Punjab,Kolkata Knight Riders,field,Kolkata Knight Riders,wickets,8.0,120.0,20.0,N,normal,AM Saheba,SL Shastri
211,2011,Jaipur,2011-05-01,League,LRPL Taylor,Sawai Mansingh Stadium,Rajasthan Royals,Pune Warriors,Rajasthan Royals,field,Rajasthan Royals,wickets,6.0,144.0,20.0,N,normal,SK Tarapore,SJA Taufel
212,2011,Chennai,2011-05-01,League,JA Morkel,"MA Chidambaram Stadium, Chepauk",Chennai Super Kings,Deccan Chargers,Chennai Super Kings,bat,Chennai Super Kings,runs,19.0,166.0,20.0,N,normal,Aleem Dar,RB Tiffin
213,2011,Mumbai,2011-05-02,League,KA Pollard,Wankhede Stadium,Mumbai Indians,Kings XI Punjab,Kings XI Punjab,field,Mumbai Indians,runs,23.0,160.0,20.0,N,normal,HDPK Dharmasena,PR Reiffel
214,2011,Delhi,2011-05-02,League,P Parameswaran,Feroz Shah Kotla,Delhi Daredevils,Kochi Tuskers Kerala,Kochi Tuskers Kerala,field,Kochi Tuskers Kerala,wickets,7.0,141.0,20.0,N,normal,Asad Rauf,SL Shastri
215,2011,Hyderabad,2011-05-03,League,YK Pathan,"Rajiv Gandhi International Stadium, Uppal",Deccan Chargers,Kolkata Knight Riders,Deccan Chargers,field,Kolkata Knight Riders,runs,20.0,170.0,20.0,N,normal,S Asnani,RJ Tucker
216,2011,Chennai,2011-05-04,League,MEK Hussey,"MA Chidambaram Stadium, Chepauk",Chennai Super Kings,Rajasthan Royals,Rajasthan Royals,bat,Chennai Super Kings,wickets,8.0,148.0,20.0,N,normal,SS Hazare,RB Tiffin
217,2011,Mumbai,2011-05-04,League,R Sharma,Dr DY Patil Sports Academy,Pune Warriors,Mumbai Indians,Pune Warriors,field,Mumbai Indians,runs,21.0,161.0,20.0,N,normal,HDPK Dharmasena,SJA Taufel
218,2011,Kochi,2011-05-05,League,BJ Hodge,Nehru Stadium,Kochi Tuskers Kerala,Kolkata Knight Riders,Kolkata Knight Riders,field,Kochi Tuskers Kerala,runs,17.0,157.0,20.0,N,normal,S Ravi,RJ Tucker
219,2011,Hyderabad,2011-05-05,League,V Sehwag,"Rajiv Gandhi International Stadium, Uppal",Deccan Chargers,Delhi Daredevils,Delhi Daredevils,field,Delhi Daredevils,wickets,4.0,176.0,20.0,N,normal,Asad Rauf,AM Saheba
220,2011,Bangalore,2011-05-06,League,CH Gayle,M Chinnaswamy Stadium,Royal Challengers Bangalore,Kings XI Punjab,Kings XI Punjab,field,Royal Challengers Bangalore,runs,85.0,206.0,20.0,N,normal,Aleem Dar,RB Tiffin
221,2011,Kolkata,2011-05-07,League,Iqbal Abdulla,Eden Gardens,Kolkata Knight Riders,Chennai Super Kings,Chennai Super Kings,bat,Kolkata Knight Riders,runs,10.0,52.0,10.0,N,D/L,Asad Rauf,PR Reiffel
222,2011,Mumbai,2011-05-07,League,AT Rayudu,Wankhede Stadium,Mumbai Indians,Delhi Daredevils,Delhi Daredevils,field,Mumbai Indians,runs,32.0,179.0,20.0,N,normal,K Hariharan,SJA Taufel
223,2011,Bangalore,2011-05-08,League,CH Gayle,M Chinnaswamy Stadium,Royal Challengers Bangalore,Kochi Tuskers Kerala,Kochi Tuskers Kerala,bat,Royal Challengers Bangalore,wickets,9.0,126.0,20.0,N,normal,Aleem Dar,SS Hazare
224,2011,Chandigarh,2011-05-08,League,R Sharma,"Punjab Cricket Association Stadium, Mohali",Kings XI Punjab,Pune Warriors,Kings XI Punjab,bat,Pune Warriors,wickets,5.0,120.0,20.0,N,normal,SK Tarapore,RJ Tucker
225,2011,Jaipur,2011-05-09,League,M Vijay,Sawai Mansingh Stadium,Rajasthan Royals,Chennai Super Kings,Rajasthan Royals,field,Chennai Super Kings,runs,63.0,197.0,20.0,N,normal,K Hariharan,SJA Taufel
226,2011,Hyderabad,2011-05-10,League,MR Marsh,"Rajiv Gandhi International Stadium, Uppal",Deccan Chargers,Pune Warriors,Deccan Chargers,bat,Pune Warriors,wickets,6.0,137.0,20.0,N,normal,Asad Rauf,AM Saheba
227,2011,Chandigarh,2011-05-10,League,BA Bhatt,"Punjab Cricket Association Stadium, Mohali",Kings XI Punjab,Mumbai Indians,Mumbai Indians,field,Kings XI Punjab,runs,76.0,164.0,20.0,N,normal,SK Tarapore,RJ Tucker
228,2011,Jaipur,2011-05-11,League,S Aravind,Sawai Mansingh Stadium,Rajasthan Royals,Royal Challengers Bangalore,Royal Challengers Bangalore,field,Royal Challengers Bangalore,wickets,9.0,147.0,20.0,N,normal,HDPK Dharmasena,K Hariharan
229,2011,Chennai,2011-05-12,League,MS Dhoni,"MA Chidambaram Stadium, Chepauk",Chennai Super Kings,Delhi Daredevils,Chennai Super Kings,bat,Chennai Super Kings,runs,18.0,177.0,20.0,N,normal,AM Saheba,SL Shastri
230,2011,Indore,2011-05-13,League,KD Karthik,Holkar Cricket Stadium,Kochi Tuskers Kerala,Kings XI Punjab,Kings XI Punjab,field,Kings XI Punjab,wickets,6.0,179.0,20.0,N,normal,S Asnani,RJ Tucker
231,2011,Bangalore,2011-05-14,League,CH Gayle,M Chinnaswamy Stadium,Royal Challengers Bangalore,Kolkata Knight Riders,Royal Challengers Bangalore,field,Royal Challengers Bangalore,wickets,4.0,102.0,13.0,N,D/L,RE Koertzen,RB Tiffin
232,2011,Mumbai,2011-05-14,League,A Mishra,Wankhede Stadium,Mumbai Indians,Deccan Chargers,Deccan Chargers,bat,Deccan Chargers,runs,10.0,136.0,20.0,N,normal,S Ravi,SK Tarapore
233,2011,Dharamsala,2011-05-15,League,PP Chawla,Himachal Pradesh Cricket Association Stadium,Kings XI Punjab,Delhi Daredevils,Delhi Daredevils,field,Kings XI Punjab,runs,29.0,171.0,20.0,N,normal,Asad Rauf,SL Shastri
234,2011,Indore,2011-05-15,League,BJ Hodge,Holkar Cricket Stadium,Kochi Tuskers Kerala,Rajasthan Royals,Kochi Tuskers Kerala,field,Kochi Tuskers Kerala,wickets,8.0,98.0,20.0,N,normal,PR Reiffel,RJ Tucker
235,2011,Mumbai,2011-05-16,League,A Mishra,Dr DY Patil Sports Academy,Pune Warriors,Deccan Chargers,Deccan Chargers,field,Deccan Chargers,wickets,6.0,137.0,20.0,N,normal,S Ravi,SK Tarapore
236,2011,Dharamsala,2011-05-17,League,AC Gilchrist,Himachal Pradesh Cricket Association Stadium,Kings XI Punjab,Royal Challengers Bangalore,Kings XI Punjab,bat,Kings XI Punjab,runs,111.0,233.0,20.0,N,normal,Asad Rauf,AM Saheba
237,2011,Chennai,2011-05-18,League,WP Saha,"MA Chidambaram Stadium, Chepauk",Chennai Super Kings,Kochi Tuskers Kerala,Chennai Super Kings,bat,Chennai Super Kings,runs,11.0,153.0,20.0,N,normal,HDPK Dharmasena,RE Koertzen
238,2011,Mumbai,2011-05-19,League,YK Pathan,Dr DY Patil Sports Academy,Pune Warriors,Kolkata Knight Riders,Kolkata Knight Riders,field,Kolkata Knight Riders,wickets,7.0,119.0,20.0,N,normal,S Ravi,SJA Taufel
239,2011,Mumbai,2011-05-20,League,SR Watson,Wankhede Stadium,Mumbai Indians,Rajasthan Royals,Mumbai Indians,bat,Rajasthan Royals,wickets,10.0,134.0,20.0,N,normal,RE Koertzen,PR Reiffel
240,2011,Dharamsala,2011-05-21,League,S Dhawan,Himachal Pradesh Cricket Association Stadium,Kings XI Punjab,Deccan Chargers,Kings XI Punjab,field,Deccan Chargers,runs,82.0,199.0,20.0,N,normal,Asad Rauf,AM Saheba
241,2011,Delhi,2011-05-21,League,no awardee,Feroz Shah Kotla,Delhi Daredevils,Pune Warriors,Delhi Daredevils,bat,no winner,no result,,,,N,normal,SS Hazare,RJ Tucker
242,2011,Bangalore,2011-05-22,League,CH Gayle,M Chinnaswamy Stadium,Royal Challengers Bangalore,Chennai Super Kings,Royal Challengers Bangalore,field,Royal Challengers Bangalore,wickets,8.0,129.0,20.0,N,normal,K Hariharan,RE Koertzen
243,2011,Kolkata,2011-05-22,League,JEC Franklin,Eden Gardens,Kolkata Knight Riders,Mumbai Indians,Mumbai Indians,field,Mumbai Indians,wickets,5.0,176.0,20.0,N,normal,SK Tarapore,SJA Taufel
244,2011,Mumbai,2011-05-24,Qualifier 1,SK Raina,Wankhede Stadium,Royal Challengers Bangalore,Chennai Super Kings,Chennai Super Kings,field,Chennai Super Kings,wickets,6.0,176.0,20.0,N,normal,Asad Rauf,SJA Taufel
245,2011,Mumbai,2011-05-25,Elimination Final,MM Patel,Wankhede Stadium,Mumbai Indians,Kolkata Knight Riders,Mumbai Indians,field,Mumbai Indians,wickets,4.0,148.0,20.0,N,normal,Asad Rauf,SJA Taufel
246,2011,Chennai,2011-05-27,Qualifier 2,CH Gayle,"MA Chidambaram Stadium, Chepauk",Royal Challengers Bangalore,Mumbai Indians,Mumbai Indians,field,Royal Challengers Bangalore,runs,43.0,186.0,20.0,N,normal,Asad Rauf,SJA Taufel
247,2011,Chennai,2011-05-28,Final,M Vijay,"MA Chidambaram Stadium, Chepauk",Chennai Super Kings,Royal Challengers Bangalore,Chennai Super Kings,bat,Chennai Super Kings,runs,58.0,206.0,20.0,N,normal,Asad Rauf,SJA Taufel
248,2012,Chennai,2012-04-04,League,RE Levi,"MA Chidambaram Stadium, Chepauk",Chennai Super Kings,Mumbai Indians,Mumbai Indians,field,Mumbai Indians,wickets,8.0,113.0,20.0,N,normal,JD Cloete,SJA Taufel
249,2012,Kolkata,2012-04-05,League,IK Pathan,Eden Gardens,Kolkata Knight Riders,Delhi Daredevils,Delhi Daredevils,field,Delhi Daredevils,wickets,8.0,98.0,12.0,N,normal,S Asnani,HDPK Dharmasena
250,2012,Mumbai,2012-04-06,League,SPD Smith,Wankhede Stadium,Mumbai Indians,Pune Warriors,Mumbai Indians,field,Pune Warriors,runs,28.0,130.0,20.0,N,normal,AK Chaudhary,SJA Taufel
251,2012,Jaipur,2012-04-06,League,AM Rahane,Sawai Mansingh Stadium,Rajasthan Royals,Kings XI Punjab,Kings XI Punjab,field,Rajasthan Royals,runs,31.0,192.0,20.0,N,normal,BF Bowden,SK Tarapore
252,2012,Bangalore,2012-04-07,League,AB de Villiers,M Chinnaswamy Stadium,Royal Challengers Bangalore,Delhi Daredevils,Delhi Daredevils,field,Royal Challengers Bangalore,runs,20.0,158.0,20.0,N,normal,S Asnani,S Ravi
253,2012,Visakhapatnam,2012-04-07,League,RA Jadeja,Dr. Y.S. Rajasekhara Reddy ACA-VDCA Cricket Stadium,Deccan Chargers,Chennai Super Kings,Deccan Chargers,field,Chennai Super Kings,runs,74.0,194.0,20.0,N,normal,JD Cloete,HDPK Dharmasena
254,2012,Jaipur,2012-04-08,League,BJ Hodge,Sawai Mansingh Stadium,Rajasthan Royals,Kolkata Knight Riders,Kolkata Knight Riders,field,Rajasthan Royals,runs,22.0,165.0,20.0,N,normal,BF Bowden,VA Kulkarni
255,2012,Pune,2012-04-08,League,MN Samuels,Subrata Roy Sahara Stadium,Pune Warriors,Kings XI Punjab,Pune Warriors,bat,Pune Warriors,runs,22.0,167.0,20.0,N,normal,S Das,SJA Taufel
256,2012,Visakhapatnam,2012-04-09,League,RG Sharma,Dr. Y.S. Rajasekhara Reddy ACA-VDCA Cricket Stadium,Deccan Chargers,Mumbai Indians,Deccan Chargers,bat,Mumbai Indians,wickets,5.0,139.0,20.0,N,normal,AK Chaudhary,JD Cloete
257,2012,Bangalore,2012-04-10,League,L Balaji,M Chinnaswamy Stadium,Royal Challengers Bangalore,Kolkata Knight Riders,Royal Challengers Bangalore,field,Kolkata Knight Riders,runs,42.0,166.0,20.0,N,normal,S Ravi,RJ Tucker
258,2012,Delhi,2012-04-10,League,M Morkel,Feroz Shah Kotla,Delhi Daredevils,Chennai Super Kings,Delhi Daredevils,field,Delhi Daredevils,wickets,8.0,111.0,20.0,N,normal,Asad Rauf,SK Tarapore
259,2012,Mumbai,2012-04-11,League,KA Pollard,Wankhede Stadium,Mumbai Indians,Rajasthan Royals,Rajasthan Royals,field,Mumbai Indians,runs,27.0,198.0,20.0,N,normal,Aleem Dar,BNJ Oxenford
260,2012,Chennai,2012-04-12,League,F du Plessis,"MA Chidambaram Stadium, Chepauk",Chennai Super Kings,Royal Challengers Bangalore,Royal Challengers Bangalore,bat,Chennai Super Kings,wickets,5.0,206.0,20.0,N,normal,HDPK Dharmasena,RJ Tucker
261,2012,Chandigarh,2012-04-12,League,AD Mascarenhas,"Punjab Cricket Association Stadium, Mohali",Kings XI Punjab,Pune Warriors,Kings XI Punjab,field,Kings XI Punjab,wickets,7.0,116.0,20.0,N,normal,VA Kulkarni,SK Tarapore
262,2012,Kolkata,2012-04-13,League,Shakib Al Hasan,Eden Gardens,Kolkata Knight Riders,Rajasthan Royals,Rajasthan Royals,bat,Kolkata Knight Riders,wickets,5.0,132.0,20.0,N,normal,Asad Rauf,S Asnani
263,2012,Pune,2012-04-14,League,JD Ryder,Subrata Roy Sahara Stadium,Pune Warriors,Chennai Super Kings,Chennai Super Kings,bat,Pune Warriors,wickets,7.0,156.0,20.0,N,normal,Aleem Dar,BNJ Oxenford
264,2012,Kolkata,2012-04-15,League,SP Narine,Eden Gardens,Kolkata Knight Riders,Kings XI Punjab,Kolkata Knight Riders,field,Kings XI Punjab,runs,2.0,135.0,20.0,N,normal,Asad Rauf,S Asnani
265,2012,Bangalore,2012-04-15,League,AM Rahane,M Chinnaswamy Stadium,Royal Challengers Bangalore,Rajasthan Royals,Rajasthan Royals,bat,Rajasthan Royals,runs,59.0,196.0,20.0,N,normal,JD Cloete,RJ Tucker
266,2012,Mumbai,2012-04-16,League,S Nadeem,Wankhede Stadium,Mumbai Indians,Delhi Daredevils,Delhi Daredevils,field,Delhi Daredevils,wickets,7.0,93.0,20.0,N,normal,BF Bowden,SK Tarapore
267,2012,Jaipur,2012-04-17,League,BJ Hodge,Sawai Mansingh Stadium,Rajasthan Royals,Deccan Chargers,Deccan Chargers,bat,Rajasthan Royals,wickets,5.0,197.0,20.0,N,normal,Aleem Dar,BNJ Oxenford
268,2012,Bangalore,2012-04-17,League,CH Gayle,M Chinnaswamy Stadium,Royal Challengers Bangalore,Pune Warriors,Pune Warriors,bat,Royal Challengers Bangalore,wickets,6.0,183.0,20.0,N,normal,S Asnani,S Das
269,2012,Chandigarh,2012-04-18,League,G Gambhir,"Punjab Cricket Association Stadium, Mohali",Kings XI Punjab,Kolkata Knight Riders,Kings XI Punjab,bat,Kolkata Knight Riders,wickets,8.0,125.0,20.0,N,normal,JD Cloete,RJ Tucker
270,2012,Delhi,2012-04-19,League,KP Pietersen,Feroz Shah Kotla,Delhi Daredevils,Deccan Chargers,Deccan Chargers,bat,Delhi Daredevils,wickets,5.0,158.0,20.0,N,normal,BF Bowden,SK Tarapore
271,2012,Chennai,2012-04-19,League,KMDN Kulasekara,"MA Chidambaram Stadium, Chepauk",Chennai Super Kings,Pune Warriors,Pune Warriors,field,Chennai Super Kings,runs,13.0,165.0,20.0,N,normal,Asad Rauf,S Das
272,2012,Chandigarh,2012-04-20,League,CH Gayle,"Punjab Cricket Association Stadium, Mohali",Kings XI Punjab,Royal Challengers Bangalore,Royal Challengers Bangalore,field,Royal Challengers Bangalore,wickets,5.0,164.0,20.0,N,normal,S Ravi,RJ Tucker
273,2012,Chennai,2012-04-21,League,F du Plessis,"MA Chidambaram Stadium, Chepauk",Chennai Super Kings,Rajasthan Royals,Rajasthan Royals,bat,Chennai Super Kings,wickets,7.0,147.0,20.0,N,normal,Aleem Dar,BNJ Oxenford
274,2012,Delhi,2012-04-21,League,SC Ganguly,Feroz Shah Kotla,Delhi Daredevils,Pune Warriors,Delhi Daredevils,field,Pune Warriors,runs,20.0,193.0,20.0,N,normal,Asad Rauf,S Das
275,2012,Mumbai,2012-04-22,League,SE Marsh,Wankhede Stadium,Mumbai Indians,Kings XI Punjab,Mumbai Indians,bat,Kings XI Punjab,wickets,6.0,164.0,20.0,N,normal,S Ravi,RJ Tucker
276,2012,Cuttack,2012-04-22,League,B Lee,Barabati Stadium,Deccan Chargers,Kolkata Knight Riders,Kolkata Knight Riders,field,Kolkata Knight Riders,wickets,5.0,127.0,20.0,N,normal,BF Bowden,SK Tarapore
277,2012,Jaipur,2012-04-23,League,AB de Villiers,Sawai Mansingh Stadium,Rajasthan Royals,Royal Challengers Bangalore,Rajasthan Royals,field,Royal Challengers Bangalore,runs,46.0,190.0,20.0,N,normal,Asad Rauf,S Asnani
278,2012,Pune,2012-04-24,League,V Sehwag,Subrata Roy Sahara Stadium,Pune Warriors,Delhi Daredevils,Pune Warriors,bat,Delhi Daredevils,wickets,8.0,147.0,20.0,N,normal,S Ravi,RJ Tucker
279,2012,Chandigarh,2012-04-25,League,AT Rayudu,"Punjab Cricket Association Stadium, Mohali",Kings XI Punjab,Mumbai Indians,Kings XI Punjab,bat,Mumbai Indians,wickets,4.0,169.0,20.0,N,normal,Aleem Dar,BNJ Oxenford
280,2012,Pune,2012-04-26,League,CL White,Subrata Roy Sahara Stadium,Pune Warriors,Deccan Chargers,Deccan Chargers,bat,Deccan Chargers,runs,18.0,178.0,20.0,N,normal,S Ravi,RJ Tucker
281,2012,Delhi,2012-04-27,League,V Sehwag,Feroz Shah Kotla,Delhi Daredevils,Mumbai Indians,Mumbai Indians,field,Delhi Daredevils,runs,37.0,208.0,20.0,N,normal,Aleem Dar,BNJ Oxenford
282,2012,Chennai,2012-04-28,League,Mandeep Singh,"MA Chidambaram Stadium, Chepauk",Chennai Super Kings,Kings XI Punjab,Kings XI Punjab,bat,Kings XI Punjab,runs,7.0,157.0,20.0,N,normal,BF Bowden,SK Tarapore
283,2012,Kolkata,2012-04-28,League,G Gambhir,Eden Gardens,Kolkata Knight Riders,Royal Challengers Bangalore,Kolkata Knight Riders,bat,Kolkata Knight Riders,runs,47.0,191.0,20.0,N,normal,Asad Rauf,BR Doctrove
284,2012,Delhi,2012-04-29,League,V Sehwag,Feroz Shah Kotla,Delhi Daredevils,Rajasthan Royals,Delhi Daredevils,bat,Delhi Daredevils,runs,1.0,153.0,20.0,N,normal,S Ravi,RJ Tucker
285,2012,Mumbai,2012-04-29,League,DW Steyn,Wankhede Stadium,Mumbai Indians,Deccan Chargers,Mumbai Indians,field,Mumbai Indians,wickets,5.0,101.0,20.0,N,normal,AK Chaudhary,BNJ Oxenford
286,2012,Chennai,2012-04-30,League,G Gambhir,"MA Chidambaram Stadium, Chepauk",Chennai Super Kings,Kolkata Knight Riders,Chennai Super Kings,bat,Kolkata Knight Riders,wickets,5.0,140.0,20.0,N,normal,BF Bowden,C Shamshuddin
287,2012,Cuttack,2012-05-01,League,KC Sangakkara,Barabati Stadium,Deccan Chargers,Pune Warriors,Deccan Chargers,bat,Deccan Chargers,runs,13.0,187.0,20.0,N,normal,Aleem Dar,AK Chaudhary
288,2012,Jaipur,2012-05-01,League,P Negi,Sawai Mansingh Stadium,Rajasthan Royals,Delhi Daredevils,Rajasthan Royals,bat,Delhi Daredevils,wickets,6.0,142.0,20.0,N,normal,JD Cloete,SJA Taufel
289,2012,Bangalore,2012-05-02,League,Azhar Mahmood,M Chinnaswamy Stadium,Royal Challengers Bangalore,Kings XI Punjab,Kings XI Punjab,field,Kings XI Punjab,wickets,4.0,159.0,20.0,N,normal,BF Bowden,C Shamshuddin
290,2012,Pune,2012-05-03,League,SL Malinga,Subrata Roy Sahara Stadium,Pune Warriors,Mumbai Indians,Mumbai Indians,bat,Mumbai Indians,runs,1.0,121.0,20.0,N,normal,Asad Rauf,S Asnani
291,2012,Chennai,2012-05-04,League,SK Raina,"MA Chidambaram Stadium, Chepauk",Chennai Super Kings,Deccan Chargers,Chennai Super Kings,bat,Chennai Super Kings,runs,10.0,161.0,20.0,N,normal,HDPK Dharmasena,BNJ Oxenford
292,2012,Kolkata,2012-05-05,League,SP Narine,Eden Gardens,Kolkata Knight Riders,Pune Warriors,Kolkata Knight Riders,bat,Kolkata Knight Riders,runs,7.0,151.0,20.0,N,normal,BF Bowden,SK Tarapore
293,2012,Chandigarh,2012-05-05,League,SR Watson,"Punjab Cricket Association Stadium, Mohali",Kings XI Punjab,Rajasthan Royals,Rajasthan Royals,bat,Rajasthan Royals,runs,43.0,178.0,20.0,N,normal,JD Cloete,SJA Taufel
294,2012,Mumbai,2012-05-06,League,DR Smith,Wankhede Stadium,Mumbai Indians,Chennai Super Kings,Mumbai Indians,field,Mumbai Indians,wickets,2.0,174.0,20.0,N,normal,Asad Rauf,S Asnani
295,2012,Bangalore,2012-05-06,League,AB de Villiers,M Chinnaswamy Stadium,Royal Challengers Bangalore,Deccan Chargers,Royal Challengers Bangalore,field,Royal Challengers Bangalore,wickets,5.0,182.0,20.0,N,normal,HDPK Dharmasena,BNJ Oxenford
296,2012,Delhi,2012-05-07,League,JH Kallis,Feroz Shah Kotla,Delhi Daredevils,Kolkata Knight Riders,Delhi Daredevils,bat,Kolkata Knight Riders,wickets,6.0,154.0,20.0,N,normal,JD Cloete,S Ravi
297,2012,Pune,2012-05-08,League,SR Watson,Subrata Roy Sahara Stadium,Pune Warriors,Rajasthan Royals,Pune Warriors,bat,Rajasthan Royals,wickets,7.0,126.0,20.0,N,normal,Asad Rauf,BR Doctrove
298,2012,Hyderabad,2012-05-08,League,Mandeep Singh,"Rajiv Gandhi International Stadium, Uppal",Deccan Chargers,Kings XI Punjab,Deccan Chargers,field,Kings XI Punjab,runs,25.0,171.0,20.0,N,normal,HDPK Dharmasena,BNJ Oxenford
299,2012,Mumbai,2012-05-09,League,CH Gayle,Wankhede Stadium,Mumbai Indians,Royal Challengers Bangalore,Royal Challengers Bangalore,field,Royal Challengers Bangalore,wickets,9.0,142.0,20.0,N,normal,BF Bowden,VA Kulkarni
300,2012,Hyderabad,2012-05-10,League,DA Warner,"Rajiv Gandhi International Stadium, Uppal",Deccan Chargers,Delhi Daredevils,Deccan Chargers,bat,Delhi Daredevils,wickets,9.0,188.0,20.0,N,normal,JD Cloete,SJA Taufel
301,2012,Jaipur,2012-05-10,League,BW Hilfenhaus,Sawai Mansingh Stadium,Rajasthan Royals,Chennai Super Kings,Chennai Super Kings,field,Chennai Super Kings,wickets,4.0,127.0,20.0,N,normal,BNJ Oxenford,C Shamshuddin
302,2012,Pune,2012-05-11,League,CH Gayle,Subrata Roy Sahara Stadium,Pune Warriors,Royal Challengers Bangalore,Pune Warriors,field,Royal Challengers Bangalore,runs,35.0,174.0,20.0,N,normal,BF Bowden,SK Tarapore
303,2012,Kolkata,2012-05-12,League,RG Sharma,Eden Gardens,Kolkata Knight Riders,Mumbai Indians,Mumbai Indians,bat,Mumbai Indians,runs,27.0,183.0,20.0,N,normal,S Ravi,SJA Taufel
304,2012,Chennai,2012-05-12,League,BW Hilfenhaus,"MA Chidambaram Stadium, Chepauk",Chennai Super Kings,Delhi Daredevils,Chennai Super Kings,field,Chennai Super Kings,wickets,9.0,115.0,20.0,N,normal,S Das,BR Doctrove
305,2012,Jaipur,2012-05-13,League,A Chandila,Sawai Mansingh Stadium,Rajasthan Royals,Pune Warriors,Rajasthan Royals,bat,Rajasthan Royals,runs,45.0,171.0,20.0,N,normal,BF Bowden,SK Tarapore
306,2012,Chandigarh,2012-05-13,League,DJ Hussey,"Punjab Cricket Association Stadium, Mohali",Kings XI Punjab,Deccan Chargers,Deccan Chargers,bat,Kings XI Punjab,wickets,4.0,191.0,20.0,N,normal,HDPK Dharmasena,BNJ Oxenford
307,2012,Bangalore,2012-05-14,League,AT Rayudu,M Chinnaswamy Stadium,Royal Challengers Bangalore,Mumbai Indians,Mumbai Indians,field,Mumbai Indians,wickets,5.0,172.0,20.0,N,normal,S Das,BR Doctrove
308,2012,Kolkata,2012-05-14,League,MEK Hussey,Eden Gardens,Kolkata Knight Riders,Chennai Super Kings,Chennai Super Kings,field,Chennai Super Kings,wickets,5.0,159.0,20.0,N,normal,JD Cloete,SJA Taufel
309,2012,Delhi,2012-05-15,League,UT Yadav,Feroz Shah Kotla,Delhi Daredevils,Kings XI Punjab,Kings XI Punjab,bat,Delhi Daredevils,wickets,5.0,137.0,20.0,N,normal,HDPK Dharmasena,BNJ Oxenford
310,2012,Mumbai,2012-05-16,League,SP Narine,Wankhede Stadium,Mumbai Indians,Kolkata Knight Riders,Mumbai Indians,field,Kolkata Knight Riders,runs,32.0,141.0,20.0,N,normal,S Das,BR Doctrove
311,2012,Dharamsala,2012-05-17,League,AC Gilchrist,Himachal Pradesh Cricket Association Stadium,Kings XI Punjab,Chennai Super Kings,Kings XI Punjab,field,Kings XI Punjab,wickets,6.0,121.0,20.0,N,normal,VA Kulkarni,SK Tarapore
312,2012,Delhi,2012-05-17,League,CH Gayle,Feroz Shah Kotla,Delhi Daredevils,Royal Challengers Bangalore,Delhi Daredevils,field,Royal Challengers Bangalore,runs,21.0,216.0,20.0,N,normal,HDPK Dharmasena,C Shamshuddin
313,2012,Hyderabad,2012-05-18,League,DW Steyn,"Rajiv Gandhi International Stadium, Uppal",Deccan Chargers,Rajasthan Royals,Rajasthan Royals,bat,Deccan Chargers,wickets,5.0,127.0,20.0,N,normal,S Ravi,SJA Taufel
314,2012,Dharamsala,2012-05-19,League,UT Yadav,Himachal Pradesh Cricket Association Stadium,Kings XI Punjab,Delhi Daredevils,Delhi Daredevils,field,Delhi Daredevils,wickets,6.0,142.0,20.0,N,normal,BF Bowden,VA Kulkarni
315,2012,Pune,2012-05-19,League,Shakib Al Hasan,Subrata Roy Sahara Stadium,Pune Warriors,Kolkata Knight Riders,Kolkata Knight Riders,bat,Kolkata Knight Riders,runs,34.0,137.0,20.0,N,normal,S Asnani,BR Doctrove
316,2012,Hyderabad,2012-05-20,League,DW Steyn,"Rajiv Gandhi International Stadium, Uppal",Deccan Chargers,Royal Challengers Bangalore,Royal Challengers Bangalore,field,Deccan Chargers,runs,9.0,133.0,20.0,N,normal,S Ravi,SJA Taufel
317,2012,Jaipur,2012-05-20,League,DR Smith,Sawai Mansingh Stadium,Rajasthan Royals,Mumbai Indians,Rajasthan Royals,bat,Mumbai Indians,wickets,10.0,163.0,20.0,N,normal,HDPK Dharmasena,C Shamshuddin
318,2012,Pune,2012-05-22,Qualifier 1,YK Pathan,Subrata Roy Sahara Stadium,Delhi Daredevils,Kolkata Knight Riders,Kolkata Knight Riders,bat,Kolkata Knight Riders,runs,18.0,163.0,20.0,N,normal,BR Doctrove,SJA Taufel
319,2012,Bangalore,2012-05-23,Elimination Final,MS Dhoni,M Chinnaswamy Stadium,Chennai Super Kings,Mumbai Indians,Mumbai Indians,field,Chennai Super Kings,runs,38.0,188.0,20.0,N,normal,BF Bowden,HDPK Dharmasena
320,2012,Chennai,2012-05-25,Qualifier 2,M Vijay,"MA Chidambaram Stadium, Chepauk",Delhi Daredevils,Chennai Super Kings,Delhi Daredevils,field,Chennai Super Kings,runs,86.0,223.0,20.0,N,normal,BR Doctrove,SJA Taufel
321,2012,Chennai,2012-05-27,Final,MS Bisla,"MA Chidambaram Stadium, Chepauk",Kolkata Knight Riders,Chennai Super Kings,Chennai Super Kings,bat,Kolkata Knight Riders,wickets,5.0,191.0,20.0,N,normal,BF Bowden,SJA Taufel
322,2013,Kolkata,2013-04-03,League,SP Narine,Eden Gardens,Kolkata Knight Riders,Delhi Daredevils,Kolkata Knight Riders,field,Kolkata Knight Riders,wickets,6.0,129.0,20.0,N,normal,S Ravi,SJA Taufel
323,2013,Bangalore,2013-04-04,League,CH Gayle,M Chinnaswamy Stadium,Royal Challengers Bangalore,Mumbai Indians,Mumbai Indians,field,Royal Challengers Bangalore,runs,2.0,157.0,20.0,N,normal,VA Kulkarni,C Shamshuddin
324,2013,Hyderabad,2013-04-05,League,A Mishra,"Rajiv Gandhi International Stadium, Uppal",Sunrisers Hyderabad,Pune Warriors,Pune Warriors,field,Sunrisers Hyderabad,runs,22.0,127.0,20.0,N,normal,S Ravi,SJA Taufel
325,2013,Delhi,2013-04-06,League,R Dravid,Feroz Shah Kotla,Delhi Daredevils,Rajasthan Royals,Rajasthan Royals,bat,Rajasthan Royals,runs,5.0,166.0,20.0,N,normal,S Das,C Shamshuddin
326,2013,Chennai,2013-04-06,League,KA Pollard,"MA Chidambaram Stadium, Chepauk",Chennai Super Kings,Mumbai Indians,Mumbai Indians,bat,Mumbai Indians,runs,9.0,149.0,20.0,N,normal,M Erasmus,VA Kulkarni
327,2013,Pune,2013-04-07,League,M Vohra,Subrata Roy Sahara Stadium,Pune Warriors,Kings XI Punjab,Pune Warriors,bat,Kings XI Punjab,wickets,8.0,100.0,20.0,N,normal,S Asnani,SJA Taufel
328,2013,Hyderabad,2013-04-07,League,GH Vihari,"Rajiv Gandhi International Stadium, Uppal",Sunrisers Hyderabad,Royal Challengers Bangalore,Royal Challengers Bangalore,bat,Sunrisers Hyderabad,tie,,131.0,20.0,Y,normal,AK Chaudhary,S Ravi
329,2013,Jaipur,2013-04-08,League,SK Trivedi,Sawai Mansingh Stadium,Rajasthan Royals,Kolkata Knight Riders,Kolkata Knight Riders,field,Rajasthan Royals,runs,19.0,145.0,20.0,N,normal,Aleem Dar,S Das
330,2013,Mumbai,2013-04-09,League,KD Karthik,Wankhede Stadium,Mumbai Indians,Delhi Daredevils,Mumbai Indians,bat,Mumbai Indians,runs,44.0,210.0,20.0,N,normal,M Erasmus,VA Kulkarni
331,2013,Bangalore,2013-04-09,League,V Kohli,M Chinnaswamy Stadium,Royal Challengers Bangalore,Sunrisers Hyderabad,Sunrisers Hyderabad,bat,Royal Challengers Bangalore,wickets,7.0,162.0,20.0,N,normal,S Ravi,SJA Taufel
332,2013,Chandigarh,2013-04-10,League,MEK Hussey,"Punjab Cricket Association Stadium, Mohali",Kings XI Punjab,Chennai Super Kings,Chennai Super Kings,field,Chennai Super Kings,wickets,10.0,139.0,20.0,N,normal,Aleem Dar,C Shamshuddin
333,2013,Bangalore,2013-04-11,League,CH Gayle,M Chinnaswamy Stadium,Royal Challengers Bangalore,Kolkata Knight Riders,Royal Challengers Bangalore,field,Royal Challengers Bangalore,wickets,8.0,155.0,20.0,N,normal,Asad Rauf,AK Chaudhary
334,2013,Pune,2013-04-11,League,AJ Finch,Subrata Roy Sahara Stadium,Pune Warriors,Rajasthan Royals,Rajasthan Royals,bat,Pune Warriors,wickets,7.0,146.0,20.0,N,normal,M Erasmus,K Srinath
335,2013,Delhi,2013-04-12,League,A Mishra,Feroz Shah Kotla,Delhi Daredevils,Sunrisers Hyderabad,Delhi Daredevils,bat,Sunrisers Hyderabad,wickets,3.0,115.0,20.0,N,normal,Aleem Dar,Subroto Das
336,2013,Mumbai,2013-04-13,League,RG Sharma,Wankhede Stadium,Mumbai Indians,Pune Warriors,Mumbai Indians,bat,Mumbai Indians,runs,41.0,184.0,20.0,N,normal,S Ravi,SJA Taufel
337,2013,Chennai,2013-04-13,League,RA Jadeja,"MA Chidambaram Stadium, Chepauk",Chennai Super Kings,Royal Challengers Bangalore,Chennai Super Kings,field,Chennai Super Kings,wickets,4.0,166.0,20.0,N,normal,Asad Rauf,AK Chaudhary
338,2013,Kolkata,2013-04-14,League,G Gambhir,Eden Gardens,Kolkata Knight Riders,Sunrisers Hyderabad,Kolkata Knight Riders,bat,Kolkata Knight Riders,runs,48.0,181.0,20.0,N,normal,M Erasmus,VA Kulkarni
339,2013,Jaipur,2013-04-14,League,JP Faulkner,Sawai Mansingh Stadium,Rajasthan Royals,Kings XI Punjab,Rajasthan Royals,field,Rajasthan Royals,wickets,6.0,125.0,20.0,N,normal,Aleem Dar,C Shamshuddin
340,2013,Chennai,2013-04-15,League,SPD Smith,"MA Chidambaram Stadium, Chepauk",Chennai Super Kings,Pune Warriors,Pune Warriors,bat,Pune Warriors,runs,24.0,160.0,20.0,N,normal,Asad Rauf,AK Chaudhary
341,2013,Chandigarh,2013-04-16,League,MS Gony,"Punjab Cricket Association Stadium, Mohali",Kings XI Punjab,Kolkata Knight Riders,Kolkata Knight Riders,field,Kings XI Punjab,runs,4.0,158.0,20.0,N,normal,CK Nandan,SJA Taufel
342,2013,Bangalore,2013-04-16,League,V Kohli,M Chinnaswamy Stadium,Royal Challengers Bangalore,Delhi Daredevils,Royal Challengers Bangalore,field,Royal Challengers Bangalore,tie,,153.0,20.0,Y,normal,M Erasmus,VA Kulkarni
343,2013,Pune,2013-04-17,League,A Mishra,Maharashtra Cricket Association Stadium,Pune Warriors,Sunrisers Hyderabad,Pune Warriors,field,Sunrisers Hyderabad,runs,11.0,120.0,20.0,N,normal,Asad Rauf,AK Chaudhary
344,2013,Jaipur,2013-04-17,League,AM Rahane,Sawai Mansingh Stadium,Rajasthan Royals,Mumbai Indians,Rajasthan Royals,bat,Rajasthan Royals,runs,87.0,180.0,20.0,N,normal,Aleem Dar,C Shamshuddin
345,2013,Delhi,2013-04-18,League,MEK Hussey,Feroz Shah Kotla,Delhi Daredevils,Chennai Super Kings,Chennai Super Kings,bat,Chennai Super Kings,runs,86.0,170.0,20.0,N,normal,M Erasmus,VA Kulkarni
346,2013,Hyderabad,2013-04-19,League,GH Vihari,"Rajiv Gandhi International Stadium, Uppal",Sunrisers Hyderabad,Kings XI Punjab,Kings XI Punjab,bat,Sunrisers Hyderabad,wickets,5.0,124.0,20.0,N,normal,HDPK Dharmasena,CK Nandan
347,2013,Kolkata,2013-04-20,League,RA Jadeja,Eden Gardens,Kolkata Knight Riders,Chennai Super Kings,Kolkata Knight Riders,bat,Chennai Super Kings,wickets,4.0,120.0,20.0,N,normal,Asad Rauf,AK Chaudhary
348,2013,Bangalore,2013-04-20,League,R Vinay Kumar,M Chinnaswamy Stadium,Royal Challengers Bangalore,Rajasthan Royals,Royal Challengers Bangalore,field,Royal Challengers Bangalore,wickets,7.0,118.0,20.0,N,normal,Aleem Dar,C Shamshuddin
349,2013,Delhi,2013-04-21,League,V Sehwag,Feroz Shah Kotla,Delhi Daredevils,Mumbai Indians,Mumbai Indians,bat,Delhi Daredevils,wickets,9.0,162.0,20.0,N,normal,HDPK Dharmasena,S Ravi
350,2013,Chandigarh,2013-04-21,League,DA Miller,"Punjab Cricket Association Stadium, Mohali",Kings XI Punjab,Pune Warriors,Kings XI Punjab,field,Kings XI Punjab,wickets,7.0,186.0,20.0,N,normal,M Erasmus,K Srinath
351,2013,Chennai,2013-04-22,League,MEK Hussey,"MA Chidambaram Stadium, Chepauk",Chennai Super Kings,Rajasthan Royals,Rajasthan Royals,bat,Chennai Super Kings,wickets,5.0,186.0,20.0,N,normal,S Asnani,AK Chaudhary
352,2013,Bangalore,2013-04-23,League,CH Gayle,M Chinnaswamy Stadium,Royal Challengers Bangalore,Pune Warriors,Pune Warriors,field,Royal Challengers Bangalore,runs,130.0,264.0,20.0,N,normal,Aleem Dar,C Shamshuddin
353,2013,Delhi,2013-04-23,League,Harmeet Singh,Feroz Shah Kotla,Delhi Daredevils,Kings XI Punjab,Kings XI Punjab,field,Kings XI Punjab,wickets,5.0,121.0,20.0,N,normal,VA Kulkarni,K Srinath
354,2013,Kolkata,2013-04-24,League,DR Smith,Eden Gardens,Kolkata Knight Riders,Mumbai Indians,Kolkata Knight Riders,bat,Mumbai Indians,wickets,5.0,160.0,20.0,N,normal,HDPK Dharmasena,S Ravi
355,2013,Chennai,2013-04-25,League,MS Dhoni,"MA Chidambaram Stadium, Chepauk",Chennai Super Kings,Sunrisers Hyderabad,Sunrisers Hyderabad,bat,Chennai Super Kings,wickets,5.0,160.0,20.0,N,normal,Aleem Dar,S Das
356,2013,Kolkata,2013-04-26,League,JH Kallis,Eden Gardens,Kolkata Knight Riders,Kings XI Punjab,Kings XI Punjab,bat,Kolkata Knight Riders,wickets,6.0,150.0,20.0,N,normal,CK Nandan,S Ravi
357,2013,Jaipur,2013-04-27,League,JP Faulkner,Sawai Mansingh Stadium,Rajasthan Royals,Sunrisers Hyderabad,Sunrisers Hyderabad,bat,Rajasthan Royals,wickets,8.0,145.0,20.0,N,normal,VA Kulkarni,K Srinath
358,2013,Mumbai,2013-04-27,League,DR Smith,Wankhede Stadium,Mumbai Indians,Royal Challengers Bangalore,Mumbai Indians,bat,Mumbai Indians,runs,58.0,195.0,20.0,N,normal,Asad Rauf,S Asnani
359,2013,Chennai,2013-04-28,League,MEK Hussey,"MA Chidambaram Stadium, Chepauk",Chennai Super Kings,Kolkata Knight Riders,Kolkata Knight Riders,field,Chennai Super Kings,runs,14.0,201.0,20.0,N,normal,Aleem Dar,SJA Taufel
360,2013,Raipur,2013-04-28,League,DA Warner,Shaheed Veer Narayan Singh International Stadium,Delhi Daredevils,Pune Warriors,Pune Warriors,field,Delhi Daredevils,runs,15.0,165.0,20.0,N,normal,CK Nandan,S Ravi
361,2013,Jaipur,2013-04-29,League,SV Samson,Sawai Mansingh Stadium,Rajasthan Royals,Royal Challengers Bangalore,Rajasthan Royals,field,Rajasthan Royals,wickets,4.0,172.0,20.0,N,normal,M Erasmus,K Srinath
362,2013,Mumbai,2013-04-29,League,RG Sharma,Wankhede Stadium,Mumbai Indians,Kings XI Punjab,Mumbai Indians,bat,Mumbai Indians,runs,4.0,175.0,20.0,N,normal,Asad Rauf,AK Chaudhary
363,2013,Pune,2013-04-30,League,MS Dhoni,Subrata Roy Sahara Stadium,Pune Warriors,Chennai Super Kings,Chennai Super Kings,bat,Chennai Super Kings,runs,37.0,165.0,20.0,N,normal,S Das,SJA Taufel
364,2013,Hyderabad,2013-05-01,League,I Sharma,"Rajiv Gandhi International Stadium, Uppal",Sunrisers Hyderabad,Mumbai Indians,Mumbai Indians,bat,Sunrisers Hyderabad,wickets,7.0,130.0,20.0,N,normal,Asad Rauf,S Asnani
365,2013,Raipur,2013-05-01,League,DA Warner,Shaheed Veer Narayan Singh International Stadium,Delhi Daredevils,Kolkata Knight Riders,Kolkata Knight Riders,bat,Delhi Daredevils,wickets,7.0,137.0,20.0,N,normal,HDPK Dharmasena,CK Nandan
366,2013,Chennai,2013-05-02,League,SK Raina,"MA Chidambaram Stadium, Chepauk",Chennai Super Kings,Kings XI Punjab,Chennai Super Kings,bat,Chennai Super Kings,runs,15.0,187.0,20.0,N,normal,M Erasmus,VA Kulkarni
367,2013,Pune,2013-05-02,League,AB de Villiers,Subrata Roy Sahara Stadium,Pune Warriors,Royal Challengers Bangalore,Royal Challengers Bangalore,bat,Royal Challengers Bangalore,runs,17.0,188.0,20.0,N,normal,Aleem Dar,C Shamshuddin
368,2013,Kolkata,2013-05-03,League,YK Pathan,Eden Gardens,Kolkata Knight Riders,Rajasthan Royals,Rajasthan Royals,bat,Kolkata Knight Riders,wickets,8.0,133.0,20.0,N,normal,HDPK Dharmasena,CK Nandan
369,2013,Hyderabad,2013-05-04,League,DJG Sammy,"Rajiv Gandhi International Stadium, Uppal",Sunrisers Hyderabad,Delhi Daredevils,Delhi Daredevils,bat,Sunrisers Hyderabad,wickets,6.0,81.0,20.0,N,normal,Asad Rauf,S Asnani
370,2013,Mumbai,2013-05-05,League,MG Johnson,Wankhede Stadium,Mumbai Indians,Chennai Super Kings,Mumbai Indians,bat,Mumbai Indians,runs,60.0,140.0,20.0,N,normal,HDPK Dharmasena,CK Nandan
371,2013,Jaipur,2013-05-05,League,AM Rahane,Sawai Mansingh Stadium,Rajasthan Royals,Pune Warriors,Pune Warriors,bat,Rajasthan Royals,wickets,5.0,179.0,20.0,N,normal,C Shamshuddin,RJ Tucker
372,2013,Chandigarh,2013-05-06,League,DA Miller,"Punjab Cricket Association Stadium, Mohali",Kings XI Punjab,Royal Challengers Bangalore,Kings XI Punjab,field,Kings XI Punjab,wickets,6.0,191.0,20.0,N,normal,VA Kulkarni,NJ Llong
373,2013,Jaipur,2013-05-07,League,AM Rahane,Sawai Mansingh Stadium,Rajasthan Royals,Delhi Daredevils,Delhi Daredevils,bat,Rajasthan Royals,wickets,9.0,155.0,20.0,N,normal,Aleem Dar,RJ Tucker
374,2013,Mumbai,2013-05-07,League,SR Tendulkar,Wankhede Stadium,Mumbai Indians,Kolkata Knight Riders,Mumbai Indians,bat,Mumbai Indians,runs,65.0,171.0,20.0,N,normal,HDPK Dharmasena,S Ravi
375,2013,Hyderabad,2013-05-08,League,SK Raina,"Rajiv Gandhi International Stadium, Uppal",Sunrisers Hyderabad,Chennai Super Kings,Sunrisers Hyderabad,field,Chennai Super Kings,runs,77.0,224.0,20.0,N,normal,S Das,NJ Llong
376,2013,Chandigarh,2013-05-09,League,KK Cooper,"Punjab Cricket Association Stadium, Mohali",Kings XI Punjab,Rajasthan Royals,Rajasthan Royals,field,Rajasthan Royals,wickets,8.0,146.0,20.0,N,normal,HDPK Dharmasena,S Ravi
377,2013,Pune,2013-05-09,League,G Gambhir,Subrata Roy Sahara Stadium,Pune Warriors,Kolkata Knight Riders,Kolkata Knight Riders,bat,Kolkata Knight Riders,runs,46.0,153.0,20.0,N,normal,Asad Rauf,S Asnani
378,2013,Delhi,2013-05-10,League,JD Unadkat,Feroz Shah Kotla,Delhi Daredevils,Royal Challengers Bangalore,Delhi Daredevils,field,Royal Challengers Bangalore,runs,4.0,184.0,20.0,N,normal,NJ Llong,K Srinath
379,2013,Pune,2013-05-11,League,MG Johnson,Subrata Roy Sahara Stadium,Pune Warriors,Mumbai Indians,Pune Warriors,bat,Mumbai Indians,wickets,5.0,113.0,20.0,N,normal,Asad Rauf,AK Chaudhary
380,2013,Chandigarh,2013-05-11,League,PA Patel,"Punjab Cricket Association Stadium, Mohali",Kings XI Punjab,Sunrisers Hyderabad,Kings XI Punjab,field,Sunrisers Hyderabad,runs,30.0,151.0,20.0,N,normal,S Das,RJ Tucker
381,2013,Ranchi,2013-05-12,League,JH Kallis,JSCA International Stadium Complex,Kolkata Knight Riders,Royal Challengers Bangalore,Kolkata Knight Riders,field,Kolkata Knight Riders,wickets,5.0,116.0,20.0,N,normal,NJ Llong,K Srinath
382,2013,Jaipur,2013-05-12,League,SR Watson,Sawai Mansingh Stadium,Rajasthan Royals,Chennai Super Kings,Rajasthan Royals,field,Rajasthan Royals,wickets,5.0,142.0,20.0,N,normal,HDPK Dharmasena,CK Nandan
383,2013,Mumbai,2013-05-13,League,KA Pollard,Wankhede Stadium,Mumbai Indians,Sunrisers Hyderabad,Sunrisers Hyderabad,bat,Mumbai Indians,wickets,7.0,179.0,20.0,N,normal,AK Chaudhary,SJA Taufel
384,2013,Bangalore,2013-05-14,League,AC Gilchrist,M Chinnaswamy Stadium,Royal Challengers Bangalore,Kings XI Punjab,Kings XI Punjab,field,Kings XI Punjab,wickets,7.0,175.0,20.0,N,normal,HDPK Dharmasena,S Ravi
385,2013,Chennai,2013-05-14,League,MS Dhoni,"MA Chidambaram Stadium, Chepauk",Chennai Super Kings,Delhi Daredevils,Chennai Super Kings,bat,Chennai Super Kings,runs,33.0,169.0,20.0,N,normal,C Shamshuddin,RJ Tucker
386,2013,Ranchi,2013-05-15,League,MK Pandey,JSCA International Stadium Complex,Kolkata Knight Riders,Pune Warriors,Kolkata Knight Riders,field,Pune Warriors,runs,7.0,171.0,20.0,N,normal,NJ Llong,K Srinath
387,2013,Mumbai,2013-05-15,League,AP Tare,Wankhede Stadium,Mumbai Indians,Rajasthan Royals,Rajasthan Royals,field,Mumbai Indians,runs,14.0,167.0,20.0,N,normal,Asad Rauf,S Asnani
388,2013,Dharamsala,2013-05-16,League,DA Miller,Himachal Pradesh Cricket Association Stadium,Kings XI Punjab,Delhi Daredevils,Delhi Daredevils,field,Kings XI Punjab,runs,7.0,172.0,20.0,N,normal,HDPK Dharmasena,S Ravi
389,2013,Hyderabad,2013-05-17,League,A Mishra,"Rajiv Gandhi International Stadium, Uppal",Sunrisers Hyderabad,Rajasthan Royals,Sunrisers Hyderabad,bat,Sunrisers Hyderabad,runs,23.0,137.0,20.0,N,normal,Asad Rauf,AK Chaudhary
390,2013,Dharamsala,2013-05-18,League,Azhar Mahmood,Himachal Pradesh Cricket Association Stadium,Kings XI Punjab,Mumbai Indians,Mumbai Indians,field,Kings XI Punjab,runs,50.0,184.0,20.0,N,normal,HDPK Dharmasena,CK Nandan
391,2013,Bangalore,2013-05-18,League,V Kohli,M Chinnaswamy Stadium,Royal Challengers Bangalore,Chennai Super Kings,Chennai Super Kings,field,Royal Challengers Bangalore,runs,24.0,107.0,8.0,N,normal,C Shamshuddin,RJ Tucker
392,2013,Pune,2013-05-19,League,LJ Wright,Subrata Roy Sahara Stadium,Pune Warriors,Delhi Daredevils,Pune Warriors,bat,Pune Warriors,runs,38.0,173.0,20.0,N,normal,NJ Llong,SJA Taufel
393,2013,Hyderabad,2013-05-19,League,PA Patel,"Rajiv Gandhi International Stadium, Uppal",Sunrisers Hyderabad,Kolkata Knight Riders,Kolkata Knight Riders,bat,Sunrisers Hyderabad,wickets,5.0,131.0,20.0,N,normal,Asad Rauf,S Asnani
394,2013,Delhi,2013-05-21,Qualifier 1,MEK Hussey,Feroz Shah Kotla,Chennai Super Kings,Mumbai Indians,Chennai Super Kings,bat,Chennai Super Kings,runs,48.0,193.0,20.0,N,normal,NJ Llong,RJ Tucker
395,2013,Delhi,2013-05-22,Eliminator,BJ Hodge,Feroz Shah Kotla,Rajasthan Royals,Sunrisers Hyderabad,Sunrisers Hyderabad,bat,Rajasthan Royals,wickets,4.0,133.0,20.0,N,normal,S Ravi,RJ Tucker
396,2013,Kolkata,2013-05-24,Qualifier 2,Harbhajan Singh,Eden Gardens,Mumbai Indians,Rajasthan Royals,Rajasthan Royals,bat,Mumbai Indians,wickets,4.0,166.0,20.0,N,normal,C Shamshuddin,SJA Taufel
397,2013,Kolkata,2013-05-26,Final,KA Pollard,Eden Gardens,Chennai Super Kings,Mumbai Indians,Mumbai Indians,bat,Mumbai Indians,runs,23.0,149.0,20.0,N,normal,HDPK Dharmasena,SJA Taufel
398,2014,Abu Dhabi,2014-04-16,League,JH Kallis,Sheikh Zayed Stadium,Mumbai Indians,Kolkata Knight Riders,Kolkata Knight Riders,bat,Kolkata Knight Riders,runs,41.0,164.0,20.0,N,normal,M Erasmus,RK Illingworth
399,2014,Sharjah,2014-04-17,League,YS Chahal,Sharjah Cricket Stadium,Delhi Daredevils,Royal Challengers Bangalore,Royal Challengers Bangalore,field,Royal Challengers Bangalore,wickets,8.0,146.0,20.0,N,normal,Aleem Dar,S Ravi
400,2014,Abu Dhabi,2014-04-18,League,GJ Maxwell,Sheikh Zayed Stadium,Chennai Super Kings,Kings XI Punjab,Chennai Super Kings,bat,Kings XI Punjab,wickets,6.0,206.0,20.0,N,normal,RK Illingworth,C Shamshuddin
401,2014,Abu Dhabi,2014-04-18,League,AM Rahane,Sheikh Zayed Stadium,Sunrisers Hyderabad,Rajasthan Royals,Rajasthan Royals,field,Rajasthan Royals,wickets,4.0,134.0,20.0,N,normal,BF Bowden,RK Illingworth
402,2014,Dubai,2014-04-19,League,PA Patel,Dubai International Cricket Stadium,Royal Challengers Bangalore,Mumbai Indians,Royal Challengers Bangalore,field,Royal Challengers Bangalore,wickets,7.0,116.0,20.0,N,normal,Aleem Dar,AK Chaudhary
403,2014,Dubai,2014-04-19,League,JP Duminy,Dubai International Cricket Stadium,Kolkata Knight Riders,Delhi Daredevils,Kolkata Knight Riders,bat,Delhi Daredevils,wickets,4.0,167.0,20.0,N,normal,Aleem Dar,VA Kulkarni
404,2014,Sharjah,2014-04-20,League,GJ Maxwell,Sharjah Cricket Stadium,Rajasthan Royals,Kings XI Punjab,Kings XI Punjab,field,Kings XI Punjab,wickets,7.0,192.0,20.0,N,normal,BF Bowden,M Erasmus
405,2014,Abu Dhabi,2014-04-21,League,SK Raina,Sheikh Zayed Stadium,Chennai Super Kings,Delhi Daredevils,Chennai Super Kings,bat,Chennai Super Kings,runs,93.0,178.0,20.0,N,normal,RK Illingworth,C Shamshuddin
406,2014,Sharjah,2014-04-22,League,GJ Maxwell,Sharjah Cricket Stadium,Kings XI Punjab,Sunrisers Hyderabad,Sunrisers Hyderabad,field,Kings XI Punjab,runs,72.0,194.0,20.0,N,normal,M Erasmus,S Ravi
407,2014,Dubai,2014-04-23,League,RA Jadeja,Dubai International Cricket Stadium,Rajasthan Royals,Chennai Super Kings,Rajasthan Royals,field,Chennai Super Kings,runs,7.0,141.0,20.0,N,normal,HDPK Dharmasena,RK Illingworth
408,2014,Sharjah,2014-04-24,League,CA Lynn,Sharjah Cricket Stadium,Royal Challengers Bangalore,Kolkata Knight Riders,Royal Challengers Bangalore,field,Kolkata Knight Riders,runs,2.0,151.0,20.0,N,normal,Aleem Dar,VA Kulkarni
409,2014,Dubai,2014-04-25,League,AJ Finch,Dubai International Cricket Stadium,Sunrisers Hyderabad,Delhi Daredevils,Sunrisers Hyderabad,bat,Sunrisers Hyderabad,runs,4.0,185.0,20.0,N,normal,M Erasmus,S Ravi
410,2014,Dubai,2014-04-25,League,MM Sharma,Dubai International Cricket Stadium,Chennai Super Kings,Mumbai Indians,Mumbai Indians,bat,Chennai Super Kings,wickets,7.0,142.0,20.0,N,normal,BF Bowden,M Erasmus
411,2014,Abu Dhabi,2014-04-26,League,PV Tambe,Sheikh Zayed Stadium,Rajasthan Royals,Royal Challengers Bangalore,Rajasthan Royals,field,Rajasthan Royals,wickets,6.0,71.0,20.0,N,normal,HDPK Dharmasena,C Shamshuddin
412,2014,Abu Dhabi,2014-04-26,League,Sandeep Sharma,Sheikh Zayed Stadium,Kolkata Knight Riders,Kings XI Punjab,Kolkata Knight Riders,field,Kings XI Punjab,runs,23.0,133.0,20.0,N,normal,HDPK Dharmasena,RK Illingworth
413,2014,Sharjah,2014-04-27,League,M Vijay,Sharjah Cricket Stadium,Delhi Daredevils,Mumbai Indians,Mumbai Indians,bat,Delhi Daredevils,wickets,6.0,126.0,20.0,N,normal,Aleem Dar,VA Kulkarni
414,2014,Sharjah,2014-04-27,League,DR Smith,Sharjah Cricket Stadium,Sunrisers Hyderabad,Chennai Super Kings,Sunrisers Hyderabad,bat,Chennai Super Kings,wickets,5.0,146.0,20.0,N,normal,AK Chaudhary,VA Kulkarni
415,2014,Dubai,2014-04-28,League,Sandeep Sharma,Dubai International Cricket Stadium,Kings XI Punjab,Royal Challengers Bangalore,Kings XI Punjab,field,Kings XI Punjab,wickets,5.0,125.0,20.0,N,normal,BF Bowden,S Ravi
416,2014,Abu Dhabi,2014-04-29,League,JP Faulkner,Sheikh Zayed Stadium,Kolkata Knight Riders,Rajasthan Royals,Rajasthan Royals,bat,Rajasthan Royals,tie,,153.0,20.0,Y,normal,Aleem Dar,AK Chaudhary
417,2014,Dubai,2014-04-30,League,B Kumar,Dubai International Cricket Stadium,Mumbai Indians,Sunrisers Hyderabad,Mumbai Indians,field,Sunrisers Hyderabad,runs,15.0,173.0,20.0,N,normal,HDPK Dharmasena,M Erasmus
418,2014,Ranchi,2014-05-02,League,RA Jadeja,JSCA International Stadium Complex,Chennai Super Kings,Kolkata Knight Riders,Chennai Super Kings,bat,Chennai Super Kings,runs,34.0,149.0,17.0,N,normal,AK Chaudhary,NJ Llong
419,2014,Mumbai,2014-05-03,League,CJ Anderson,Wankhede Stadium,Mumbai Indians,Kings XI Punjab,Kings XI Punjab,bat,Mumbai Indians,wickets,5.0,169.0,20.0,N,normal,BNJ Oxenford,C Shamshuddin
420,2014,Delhi,2014-05-03,League,KK Nair,Feroz Shah Kotla,Delhi Daredevils,Rajasthan Royals,Rajasthan Royals,field,Rajasthan Royals,wickets,7.0,153.0,20.0,N,normal,SS Hazare,S Ravi
421,2014,Bangalore,2014-05-04,League,AB de Villiers,M Chinnaswamy Stadium,Royal Challengers Bangalore,Sunrisers Hyderabad,Royal Challengers Bangalore,field,Royal Challengers Bangalore,wickets,4.0,156.0,20.0,N,normal,HDPK Dharmasena,VA Kulkarni
422,2014,Ahmedabad,2014-05-05,League,PV Tambe,"Sardar Patel Stadium, Motera",Rajasthan Royals,Kolkata Knight Riders,Kolkata Knight Riders,field,Rajasthan Royals,runs,10.0,171.0,20.0,N,normal,NJ Llong,CK Nandan
423,2014,Delhi,2014-05-05,League,DR Smith,Feroz Shah Kotla,Delhi Daredevils,Chennai Super Kings,Chennai Super Kings,field,Chennai Super Kings,wickets,8.0,179.0,20.0,N,normal,RM Deshpande,BNJ Oxenford
424,2014,Mumbai,2014-05-06,League,RG Sharma,Wankhede Stadium,Mumbai Indians,Royal Challengers Bangalore,Royal Challengers Bangalore,field,Mumbai Indians,runs,19.0,188.0,20.0,N,normal,S Ravi,K Srinath
425,2014,Delhi,2014-05-07,League,G Gambhir,Feroz Shah Kotla,Delhi Daredevils,Kolkata Knight Riders,Delhi Daredevils,bat,Kolkata Knight Riders,wickets,8.0,161.0,20.0,N,normal,BNJ Oxenford,C Shamshuddin
426,2014,Cuttack,2014-05-07,League,GJ Maxwell,Barabati Stadium,Kings XI Punjab,Chennai Super Kings,Chennai Super Kings,field,Kings XI Punjab,runs,44.0,232.0,20.0,N,normal,HDPK Dharmasena,PG Pathak
427,2014,Ahmedabad,2014-05-08,League,B Kumar,"Sardar Patel Stadium, Motera",Rajasthan Royals,Sunrisers Hyderabad,Rajasthan Royals,field,Sunrisers Hyderabad,runs,32.0,135.0,20.0,N,normal,AK Chaudhary,NJ Llong
428,2014,Bangalore,2014-05-09,League,Sandeep Sharma,M Chinnaswamy Stadium,Royal Challengers Bangalore,Kings XI Punjab,Royal Challengers Bangalore,field,Kings XI Punjab,runs,32.0,199.0,20.0,N,normal,S Ravi,K Srinath
429,2014,Delhi,2014-05-10,League,DW Steyn,Feroz Shah Kotla,Delhi Daredevils,Sunrisers Hyderabad,Sunrisers Hyderabad,field,Sunrisers Hyderabad,wickets,8.0,43.0,5.0,N,D/L,RM Deshpande,BNJ Oxenford
430,2014,Mumbai,2014-05-10,League,DR Smith,Wankhede Stadium,Mumbai Indians,Chennai Super Kings,Chennai Super Kings,field,Chennai Super Kings,wickets,4.0,158.0,20.0,N,normal,HDPK Dharmasena,VA Kulkarni
431,2014,Cuttack,2014-05-11,League,G Gambhir,Barabati Stadium,Kings XI Punjab,Kolkata Knight Riders,Kolkata Knight Riders,field,Kolkata Knight Riders,wickets,9.0,150.0,20.0,N,normal,NJ Llong,CK Nandan
432,2014,Bangalore,2014-05-11,League,JP Faulkner,M Chinnaswamy Stadium,Royal Challengers Bangalore,Rajasthan Royals,Royal Challengers Bangalore,bat,Rajasthan Royals,wickets,5.0,191.0,20.0,N,normal,S Ravi,RJ Tucker
433,2014,Hyderabad,2014-05-12,League,AT Rayudu,"Rajiv Gandhi International Stadium, Uppal",Sunrisers Hyderabad,Mumbai Indians,Sunrisers Hyderabad,bat,Mumbai Indians,wickets,7.0,158.0,20.0,N,normal,HDPK Dharmasena,VA Kulkarni
434,2014,Ranchi,2014-05-13,League,RA Jadeja,JSCA International Stadium Complex,Chennai Super Kings,Rajasthan Royals,Rajasthan Royals,bat,Chennai Super Kings,wickets,5.0,149.0,20.0,N,normal,BNJ Oxenford,C Shamshuddin
435,2014,Bangalore,2014-05-13,League,Yuvraj Singh,M Chinnaswamy Stadium,Royal Challengers Bangalore,Delhi Daredevils,Delhi Daredevils,field,Royal Challengers Bangalore,runs,16.0,187.0,20.0,N,normal,K Srinath,RJ Tucker
436,2014,Hyderabad,2014-05-14,League,WP Saha,"Rajiv Gandhi International Stadium, Uppal",Sunrisers Hyderabad,Kings XI Punjab,Kings XI Punjab,field,Kings XI Punjab,wickets,6.0,206.0,20.0,N,normal,VA Kulkarni,PG Pathak
437,2014,Cuttack,2014-05-14,League,RV Uthappa,Barabati Stadium,Kolkata Knight Riders,Mumbai Indians,Kolkata Knight Riders,field,Kolkata Knight Riders,wickets,6.0,142.0,20.0,N,normal,AK Chaudhary,NJ Llong
438,2014,Ahmedabad,2014-05-15,League,AM Rahane,"Sardar Patel Stadium, Motera",Rajasthan Royals,Delhi Daredevils,Delhi Daredevils,field,Rajasthan Royals,runs,62.0,202.0,20.0,N,normal,S Ravi,RJ Tucker
439,2014,Ranchi,2014-05-18,League,AB de Villiers,JSCA International Stadium Complex,Chennai Super Kings,Royal Challengers Bangalore,Chennai Super Kings,bat,Royal Challengers Bangalore,wickets,5.0,139.0,20.0,N,normal,BNJ Oxenford,C Shamshuddin
440,2014,Hyderabad,2014-05-18,League,UT Yadav,"Rajiv Gandhi International Stadium, Uppal",Sunrisers Hyderabad,Kolkata Knight Riders,Sunrisers Hyderabad,bat,Kolkata Knight Riders,wickets,7.0,143.0,20.0,N,normal,NJ Llong,CK Nandan
441,2014,Ahmedabad,2014-05-19,League,MEK Hussey,"Sardar Patel Stadium, Motera",Rajasthan Royals,Mumbai Indians,Mumbai Indians,bat,Mumbai Indians,runs,25.0,179.0,20.0,N,normal,S Ravi,RJ Tucker
442,2014,Delhi,2014-05-19,League,AR Patel,Feroz Shah Kotla,Delhi Daredevils,Kings XI Punjab,Kings XI Punjab,field,Kings XI Punjab,wickets,4.0,165.0,20.0,N,normal,HDPK Dharmasena,PG Pathak
443,2014,Hyderabad,2014-05-20,League,DA Warner,"Rajiv Gandhi International Stadium, Uppal",Sunrisers Hyderabad,Royal Challengers Bangalore,Royal Challengers Bangalore,bat,Sunrisers Hyderabad,wickets,7.0,161.0,20.0,N,normal,AK Chaudhary,NJ Llong
444,2014,Kolkata,2014-05-20,League,RV Uthappa,Eden Gardens,Kolkata Knight Riders,Chennai Super Kings,Kolkata Knight Riders,field,Kolkata Knight Riders,wickets,8.0,155.0,20.0,N,normal,RM Deshpande,C Shamshuddin
445,2014,Chandigarh,2014-05-21,League,LMP Simmons,"Punjab Cricket Association Stadium, Mohali",Kings XI Punjab,Mumbai Indians,Mumbai Indians,field,Mumbai Indians,wickets,7.0,157.0,20.0,N,normal,HDPK Dharmasena,VA Kulkarni
446,2014,Kolkata,2014-05-22,League,RV Uthappa,Eden Gardens,Kolkata Knight Riders,Royal Challengers Bangalore,Royal Challengers Bangalore,field,Kolkata Knight Riders,runs,30.0,196.0,20.0,N,normal,AK Chaudhary,CK Nandan
447,2014,Ranchi,2014-05-22,League,DA Warner,JSCA International Stadium Complex,Chennai Super Kings,Sunrisers Hyderabad,Sunrisers Hyderabad,field,Sunrisers Hyderabad,wickets,6.0,186.0,20.0,N,normal,BNJ Oxenford,C Shamshuddin
448,2014,Mumbai,2014-05-23,League,MEK Hussey,Wankhede Stadium,Mumbai Indians,Delhi Daredevils,Delhi Daredevils,field,Mumbai Indians,runs,15.0,174.0,20.0,N,normal,S Ravi,RJ Tucker
449,2014,Chandigarh,2014-05-23,League,SE Marsh,"Punjab Cricket Association Stadium, Mohali",Kings XI Punjab,Rajasthan Royals,Rajasthan Royals,field,Kings XI Punjab,runs,16.0,180.0,20.0,N,normal,HDPK Dharmasena,PG Pathak
450,2014,Bangalore,2014-05-24,League,MS Dhoni,M Chinnaswamy Stadium,Royal Challengers Bangalore,Chennai Super Kings,Chennai Super Kings,field,Chennai Super Kings,wickets,8.0,155.0,20.0,N,normal,AK Chaudhary,NJ Llong
451,2014,Kolkata,2014-05-24,League,YK Pathan,Eden Gardens,Kolkata Knight Riders,Sunrisers Hyderabad,Kolkata Knight Riders,field,Kolkata Knight Riders,wickets,4.0,161.0,20.0,N,normal,RM Deshpande,BNJ Oxenford
452,2014,Chandigarh,2014-05-25,League,M Vohra,"Punjab Cricket Association Stadium, Mohali",Kings XI Punjab,Delhi Daredevils,Kings XI Punjab,field,Kings XI Punjab,wickets,7.0,116.0,20.0,N,normal,HDPK Dharmasena,VA Kulkarni
453,2014,Mumbai,2014-05-25,League,CJ Anderson,Wankhede Stadium,Mumbai Indians,Rajasthan Royals,Mumbai Indians,field,Mumbai Indians,wickets,5.0,190.0,20.0,N,normal,K Srinath,RJ Tucker
454,2014,Kolkata,2014-05-27,Qualifier 1,UT Yadav,Eden Gardens,Kings XI Punjab,Kolkata Knight Riders,Kings XI Punjab,field,Kolkata Knight Riders,runs,28.0,164.0,20.0,N,normal,NJ Llong,S Ravi
455,2014,Mumbai,2014-05-28,Eliminator,SK Raina,Brabourne Stadium,Chennai Super Kings,Mumbai Indians,Chennai Super Kings,field,Chennai Super Kings,wickets,7.0,174.0,20.0,N,normal,VA Kulkarni,BNJ Oxenford
456,2014,Mumbai,2014-05-30,Qualifier 2,V Sehwag,Wankhede Stadium,Chennai Super Kings,Kings XI Punjab,Chennai Super Kings,field,Kings XI Punjab,runs,24.0,227.0,20.0,N,normal,HDPK Dharmasena,RJ Tucker
457,2014,Bangalore,2014-06-01,Final,MK Pandey,M Chinnaswamy Stadium,Kolkata Knight Riders,Kings XI Punjab,Kolkata Knight Riders,field,Kolkata Knight Riders,wickets,3.0,200.0,20.0,N,normal,HDPK Dharmasena,BNJ Oxenford
458,2015,Kolkata,2015-04-08,League,M Morkel,Eden Gardens,Kolkata Knight Riders,Mumbai Indians,Kolkata Knight Riders,field,Kolkata Knight Riders,wickets,7.0,169.0,20.0,N,normal,S Ravi,C Shamshuddin
459,2015,Chennai,2015-04-09,League,A Nehra,"MA Chidambaram Stadium, Chepauk",Chennai Super Kings,Delhi Daredevils,Delhi Daredevils,field,Chennai Super Kings,runs,1.0,151.0,20.0,N,normal,RK Illingworth,VA Kulkarni
460,2015,Pune,2015-04-10,League,JP Faulkner,Maharashtra Cricket Association Stadium,Kings XI Punjab,Rajasthan Royals,Kings XI Punjab,field,Rajasthan Royals,runs,26.0,163.0,20.0,N,normal,SD Fry,CB Gaffaney
461,2015,Chennai,2015-04-11,League,BB McCullum,"MA Chidambaram Stadium, Chepauk",Chennai Super Kings,Sunrisers Hyderabad,Chennai Super Kings,bat,Chennai Super Kings,runs,45.0,210.0,20.0,N,normal,RK Illingworth,VA Kulkarni
462,2015,Kolkata,2015-04-11,League,CH Gayle,Eden Gardens,Kolkata Knight Riders,Royal Challengers Bangalore,Royal Challengers Bangalore,field,Royal Challengers Bangalore,wickets,3.0,178.0,20.0,N,normal,S Ravi,C Shamshuddin
463,2015,Delhi,2015-04-12,League,DJ Hooda,Feroz Shah Kotla,Delhi Daredevils,Rajasthan Royals,Rajasthan Royals,field,Rajasthan Royals,wickets,3.0,185.0,20.0,N,normal,SD Fry,CB Gaffaney
464,2015,Mumbai,2015-04-12,League,GJ Bailey,Wankhede Stadium,Mumbai Indians,Kings XI Punjab,Mumbai Indians,field,Kings XI Punjab,runs,18.0,178.0,20.0,N,normal,AK Chaudhary,K Srinivasan
465,2015,Bangalore,2015-04-13,League,DA Warner,M Chinnaswamy Stadium,Royal Challengers Bangalore,Sunrisers Hyderabad,Sunrisers Hyderabad,field,Sunrisers Hyderabad,wickets,8.0,167.0,20.0,N,normal,RM Deshpande,RK Illingworth
466,2015,Ahmedabad,2015-04-14,League,SPD Smith,"Sardar Patel Stadium, Motera",Rajasthan Royals,Mumbai Indians,Mumbai Indians,bat,Rajasthan Royals,wickets,7.0,165.0,20.0,N,normal,AK Chaudhary,SD Fry
467,2015,Pune,2015-04-15,League,MA Agarwal,Maharashtra Cricket Association Stadium,Kings XI Punjab,Delhi Daredevils,Kings XI Punjab,bat,Delhi Daredevils,wickets,5.0,166.0,20.0,N,normal,CB Gaffaney,K Srinath
468,2015,Visakhapatnam,2015-04-16,League,AM Rahane,Dr. Y.S. Rajasekhara Reddy ACA-VDCA Cricket Stadium,Sunrisers Hyderabad,Rajasthan Royals,Rajasthan Royals,field,Rajasthan Royals,wickets,6.0,128.0,20.0,N,normal,PG Pathak,S Ravi
469,2015,Mumbai,2015-04-17,League,A Nehra,Wankhede Stadium,Mumbai Indians,Chennai Super Kings,Mumbai Indians,bat,Chennai Super Kings,wickets,6.0,184.0,20.0,N,normal,AK Chaudhary,M Erasmus
470,2015,Visakhapatnam,2015-04-18,League,JP Duminy,Dr. Y.S. Rajasekhara Reddy ACA-VDCA Cricket Stadium,Sunrisers Hyderabad,Delhi Daredevils,Delhi Daredevils,bat,Delhi Daredevils,runs,4.0,168.0,20.0,N,normal,PG Pathak,S Ravi
471,2015,Pune,2015-04-18,League,AD Russell,Maharashtra Cricket Association Stadium,Kings XI Punjab,Kolkata Knight Riders,Kolkata Knight Riders,field,Kolkata Knight Riders,wickets,4.0,156.0,20.0,N,normal,SD Fry,CK Nandan
472,2015,Ahmedabad,2015-04-19,League,AM Rahane,"Sardar Patel Stadium, Motera",Rajasthan Royals,Chennai Super Kings,Chennai Super Kings,bat,Rajasthan Royals,wickets,8.0,157.0,20.0,N,normal,AK Chaudhary,M Erasmus
473,2015,Bangalore,2015-04-19,League,Harbhajan Singh,M Chinnaswamy Stadium,Royal Challengers Bangalore,Mumbai Indians,Royal Challengers Bangalore,field,Mumbai Indians,runs,18.0,210.0,20.0,N,normal,RK Illingworth,VA Kulkarni
474,2015,Delhi,2015-04-20,League,UT Yadav,Feroz Shah Kotla,Delhi Daredevils,Kolkata Knight Riders,Kolkata Knight Riders,field,Kolkata Knight Riders,wickets,6.0,147.0,20.0,N,normal,SD Fry,CB Gaffaney
475,2015,Ahmedabad,2015-04-21,League,SE Marsh,"Sardar Patel Stadium, Motera",Rajasthan Royals,Kings XI Punjab,Kings XI Punjab,field,Kings XI Punjab,tie,,192.0,20.0,Y,normal,M Erasmus,S Ravi
476,2015,Visakhapatnam,2015-04-22,League,DA Warner,Dr. Y.S. Rajasekhara Reddy ACA-VDCA Cricket Stadium,Sunrisers Hyderabad,Kolkata Knight Riders,Kolkata Knight Riders,field,Sunrisers Hyderabad,runs,16.0,118.0,12.0,N,D/L,RK Illingworth,VA Kulkarni
477,2015,Bangalore,2015-04-22,League,SK Raina,M Chinnaswamy Stadium,Royal Challengers Bangalore,Chennai Super Kings,Royal Challengers Bangalore,field,Chennai Super Kings,runs,27.0,182.0,20.0,N,normal,JD Cloete,C Shamshuddin
478,2015,Delhi,2015-04-23,League,SS Iyer,Feroz Shah Kotla,Delhi Daredevils,Mumbai Indians,Mumbai Indians,field,Delhi Daredevils,runs,37.0,191.0,20.0,N,normal,SD Fry,CK Nandan
479,2015,Ahmedabad,2015-04-24,League,MA Starc,"Sardar Patel Stadium, Motera",Rajasthan Royals,Royal Challengers Bangalore,Royal Challengers Bangalore,field,Royal Challengers Bangalore,wickets,9.0,131.0,20.0,N,normal,M Erasmus,S Ravi
480,2015,Mumbai,2015-04-25,League,SL Malinga,Wankhede Stadium,Mumbai Indians,Sunrisers Hyderabad,Mumbai Indians,bat,Mumbai Indians,runs,20.0,158.0,20.0,N,normal,HDPK Dharmasena,CB Gaffaney
481,2015,Chennai,2015-04-25,League,BB McCullum,"MA Chidambaram Stadium, Chepauk",Chennai Super Kings,Kings XI Punjab,Chennai Super Kings,bat,Chennai Super Kings,runs,97.0,193.0,20.0,N,normal,JD Cloete,C Shamshuddin
482,2015,Delhi,2015-04-26,League,VR Aaron,Feroz Shah Kotla,Delhi Daredevils,Royal Challengers Bangalore,Royal Challengers Bangalore,field,Royal Challengers Bangalore,wickets,10.0,96.0,20.0,N,normal,M Erasmus,S Ravi
483,2015,Chandigarh,2015-04-27,League,TA Boult,"Punjab Cricket Association Stadium, Mohali",Kings XI Punjab,Sunrisers Hyderabad,Kings XI Punjab,field,Sunrisers Hyderabad,runs,20.0,151.0,20.0,N,normal,HDPK Dharmasena,CB Gaffaney
484,2015,Chennai,2015-04-28,League,DJ Bravo,"MA Chidambaram Stadium, Chepauk",Chennai Super Kings,Kolkata Knight Riders,Kolkata Knight Riders,field,Chennai Super Kings,runs,2.0,135.0,20.0,N,normal,RM Deshpande,VA Kulkarni
485,2015,Bangalore,2015-04-29,League,no awardee,M Chinnaswamy Stadium,Royal Challengers Bangalore,Rajasthan Royals,Rajasthan Royals,field,no winner,no result,,,,N,normal,JD Cloete,PG Pathak
486,2015,Kolkata,2015-04-30,League,AD Russell,Eden Gardens,Kolkata Knight Riders,Chennai Super Kings,Kolkata Knight Riders,field,Kolkata Knight Riders,wickets,7.0,166.0,20.0,N,normal,AK Chaudhary,M Erasmus
487,2015,Delhi,2015-05-01,League,NM Coulter-Nile,Feroz Shah Kotla,Delhi Daredevils,Kings XI Punjab,Delhi Daredevils,field,Delhi Daredevils,wickets,9.0,119.0,20.0,N,normal,RK Illingworth,S Ravi
488,2015,Mumbai,2015-05-01,League,AT Rayudu,Wankhede Stadium,Mumbai Indians,Rajasthan Royals,Rajasthan Royals,field,Mumbai Indians,runs,8.0,188.0,20.0,N,normal,HDPK Dharmasena,CK Nandan
489,2015,Bangalore,2015-05-02,League,Mandeep Singh,M Chinnaswamy Stadium,Royal Challengers Bangalore,Kolkata Knight Riders,Royal Challengers Bangalore,field,Royal Challengers Bangalore,wickets,7.0,112.0,10.0,N,normal,JD Cloete,PG Pathak
490,2015,Hyderabad,2015-05-02,League,DA Warner,"Rajiv Gandhi International Stadium, Uppal",Sunrisers Hyderabad,Chennai Super Kings,Chennai Super Kings,field,Sunrisers Hyderabad,runs,22.0,193.0,20.0,N,normal,AK Chaudhary,K Srinivasan
491,2015,Chandigarh,2015-05-03,League,LMP Simmons,"Punjab Cricket Association Stadium, Mohali",Kings XI Punjab,Mumbai Indians,Mumbai Indians,bat,Mumbai Indians,runs,23.0,173.0,20.0,N,normal,RK Illingworth,VA Kulkarni
492,2015,Mumbai,2015-05-03,League,AM Rahane,Brabourne Stadium,Rajasthan Royals,Delhi Daredevils,Delhi Daredevils,field,Rajasthan Royals,runs,14.0,190.0,20.0,N,normal,HDPK Dharmasena,CB Gaffaney
493,2015,Chennai,2015-05-04,League,SK Raina,"MA Chidambaram Stadium, Chepauk",Chennai Super Kings,Royal Challengers Bangalore,Chennai Super Kings,bat,Chennai Super Kings,runs,24.0,149.0,20.0,N,normal,C Shamshuddin,K Srinath
494,2015,Kolkata,2015-05-04,League,UT Yadav,Eden Gardens,Kolkata Knight Riders,Sunrisers Hyderabad,Sunrisers Hyderabad,field,Kolkata Knight Riders,runs,35.0,168.0,20.0,N,normal,AK Chaudhary,M Erasmus
495,2015,Mumbai,2015-05-05,League,Harbhajan Singh,Wankhede Stadium,Mumbai Indians,Delhi Daredevils,Delhi Daredevils,bat,Mumbai Indians,wickets,5.0,153.0,20.0,N,normal,HDPK Dharmasena,CB Gaffaney
496,2015,Bangalore,2015-05-06,League,CH Gayle,M Chinnaswamy Stadium,Royal Challengers Bangalore,Kings XI Punjab,Kings XI Punjab,field,Royal Challengers Bangalore,runs,138.0,227.0,20.0,N,normal,RK Illingworth,VA Kulkarni
497,2015,Kolkata,2015-05-07,League,PP Chawla,Eden Gardens,Kolkata Knight Riders,Delhi Daredevils,Kolkata Knight Riders,bat,Kolkata Knight Riders,runs,13.0,172.0,20.0,N,normal,AK Chaudhary,M Erasmus
498,2015,Mumbai,2015-05-07,League,EJG Morgan,Brabourne Stadium,Rajasthan Royals,Sunrisers Hyderabad,Rajasthan Royals,field,Sunrisers Hyderabad,runs,7.0,202.0,20.0,N,normal,JD Cloete,C Shamshuddin
499,2015,Chennai,2015-05-08,League,HH Pandya,"MA Chidambaram Stadium, Chepauk",Chennai Super Kings,Mumbai Indians,Chennai Super Kings,bat,Mumbai Indians,wickets,6.0,159.0,20.0,N,normal,CB Gaffaney,CK Nandan
500,2015,Kolkata,2015-05-09,League,AD Russell,Eden Gardens,Kolkata Knight Riders,Kings XI Punjab,Kings XI Punjab,bat,Kolkata Knight Riders,wickets,1.0,184.0,20.0,N,normal,AK Chaudhary,HDPK Dharmasena
501,2015,Raipur,2015-05-09,League,MC Henriques,Shaheed Veer Narayan Singh International Stadium,Delhi Daredevils,Sunrisers Hyderabad,Sunrisers Hyderabad,bat,Sunrisers Hyderabad,runs,6.0,164.0,20.0,N,normal,VA Kulkarni,S Ravi
502,2015,Mumbai,2015-05-10,League,AB de Villiers,Wankhede Stadium,Mumbai Indians,Royal Challengers Bangalore,Royal Challengers Bangalore,bat,Royal Challengers Bangalore,runs,39.0,236.0,20.0,N,normal,JD Cloete,C Shamshuddin
503,2015,Chennai,2015-05-10,League,RA Jadeja,"MA Chidambaram Stadium, Chepauk",Chennai Super Kings,Rajasthan Royals,Chennai Super Kings,bat,Chennai Super Kings,runs,12.0,158.0,20.0,N,normal,M Erasmus,CK Nandan
504,2015,Hyderabad,2015-05-11,League,DA Warner,"Rajiv Gandhi International Stadium, Uppal",Sunrisers Hyderabad,Kings XI Punjab,Sunrisers Hyderabad,bat,Sunrisers Hyderabad,runs,5.0,186.0,20.0,N,normal,AK Chaudhary,HDPK Dharmasena
505,2015,Raipur,2015-05-12,League,Z Khan,Shaheed Veer Narayan Singh International Stadium,Delhi Daredevils,Chennai Super Kings,Chennai Super Kings,bat,Delhi Daredevils,wickets,6.0,120.0,20.0,N,normal,RK Illingworth,VA Kulkarni
506,2015,Chandigarh,2015-05-13,League,AR Patel,"Punjab Cricket Association Stadium, Mohali",Kings XI Punjab,Royal Challengers Bangalore,Royal Challengers Bangalore,field,Kings XI Punjab,runs,22.0,107.0,10.0,N,normal,JD Cloete,C Shamshuddin
507,2015,Mumbai,2015-05-14,League,HH Pandya,Wankhede Stadium,Mumbai Indians,Kolkata Knight Riders,Kolkata Knight Riders,field,Mumbai Indians,runs,5.0,172.0,20.0,N,normal,RK Illingworth,VA Kulkarni
508,2015,Hyderabad,2015-05-15,League,V Kohli,"Rajiv Gandhi International Stadium, Uppal",Sunrisers Hyderabad,Royal Challengers Bangalore,Sunrisers Hyderabad,bat,Royal Challengers Bangalore,wickets,6.0,81.0,6.0,N,D/L,AK Chaudhary,HDPK Dharmasena
509,2015,Chandigarh,2015-05-16,League,P Negi,"Punjab Cricket Association Stadium, Mohali",Kings XI Punjab,Chennai Super Kings,Kings XI Punjab,bat,Chennai Super Kings,wickets,7.0,131.0,20.0,N,normal,CK Nandan,C Shamshuddin
510,2015,Mumbai,2015-05-16,League,SR Watson,Brabourne Stadium,Rajasthan Royals,Kolkata Knight Riders,Rajasthan Royals,bat,Rajasthan Royals,runs,9.0,200.0,20.0,N,normal,RM Deshpande,RK Illingworth
511,2015,Bangalore,2015-05-17,League,no awardee,M Chinnaswamy Stadium,Royal Challengers Bangalore,Delhi Daredevils,Royal Challengers Bangalore,field,no winner,no result,,188.0,20.0,N,normal,HDPK Dharmasena,K Srinivasan
512,2015,Hyderabad,2015-05-17,League,MJ McClenaghan,"Rajiv Gandhi International Stadium, Uppal",Sunrisers Hyderabad,Mumbai Indians,Sunrisers Hyderabad,bat,Mumbai Indians,wickets,9.0,114.0,20.0,N,normal,CB Gaffaney,K Srinath
513,2015,Mumbai,2015-05-19,Qualifier 1,KA Pollard,Wankhede Stadium,Chennai Super Kings,Mumbai Indians,Mumbai Indians,bat,Mumbai Indians,runs,25.0,188.0,20.0,N,normal,HDPK Dharmasena,RK Illingworth
514,2015,Pune,2015-05-20,Eliminator,AB de Villiers,Maharashtra Cricket Association Stadium,Royal Challengers Bangalore,Rajasthan Royals,Royal Challengers Bangalore,bat,Royal Challengers Bangalore,runs,71.0,181.0,20.0,N,normal,AK Chaudhary,C Shamshuddin
515,2015,Ranchi,2015-05-22,Qualifier 2,A Nehra,JSCA International Stadium Complex,Chennai Super Kings,Royal Challengers Bangalore,Chennai Super Kings,field,Chennai Super Kings,wickets,3.0,140.0,20.0,N,normal,AK Chaudhary,CB Gaffaney
516,2015,Kolkata,2015-05-24,Final,RG Sharma,Eden Gardens,Mumbai Indians,Chennai Super Kings,Chennai Super Kings,field,Mumbai Indians,runs,41.0,203.0,20.0,N,normal,HDPK Dharmasena,RK Illingworth
517,2016,Mumbai,2016-04-09,League,AM Rahane,Wankhede Stadium,Mumbai Indians,Rising Pune Supergiants,Mumbai Indians,bat,Rising Pune Supergiants,wickets,9.0,122.0,20.0,N,normal,HDPK Dharmasena,CK Nandan
518,2016,Kolkata,2016-04-10,League,AD Russell,Eden Gardens,Kolkata Knight Riders,Delhi Daredevils,Kolkata Knight Riders,field,Kolkata Knight Riders,wickets,9.0,99.0,20.0,N,normal,S Ravi,C Shamshuddin
519,2016,Chandigarh,2016-04-11,League,AJ Finch,"Punjab Cricket Association IS Bindra Stadium, Mohali",Kings XI Punjab,Gujarat Lions,Gujarat Lions,field,Gujarat Lions,wickets,5.0,162.0,20.0,N,normal,AK Chaudhary,VA Kulkarni
520,2016,Bangalore,2016-04-12,League,AB de Villiers,M Chinnaswamy Stadium,Royal Challengers Bangalore,Sunrisers Hyderabad,Sunrisers Hyderabad,field,Royal Challengers Bangalore,runs,45.0,228.0,20.0,N,normal,HDPK Dharmasena,VK Sharma
521,2016,Kolkata,2016-04-13,League,RG Sharma,Eden Gardens,Kolkata Knight Riders,Mumbai Indians,Mumbai Indians,field,Mumbai Indians,wickets,6.0,188.0,20.0,N,normal,Nitin Menon,S Ravi
522,2016,Rajkot,2016-04-14,League,AJ Finch,Saurashtra Cricket Association Stadium,Gujarat Lions,Rising Pune Supergiants,Rising Pune Supergiants,bat,Gujarat Lions,wickets,7.0,164.0,20.0,N,normal,VA Kulkarni,CK Nandan
523,2016,Delhi,2016-04-15,League,A Mishra,Feroz Shah Kotla,Delhi Daredevils,Kings XI Punjab,Delhi Daredevils,field,Delhi Daredevils,wickets,8.0,112.0,20.0,N,normal,S Ravi,C Shamshuddin
524,2016,Hyderabad,2016-04-16,League,G Gambhir,"Rajiv Gandhi International Stadium, Uppal",Sunrisers Hyderabad,Kolkata Knight Riders,Sunrisers Hyderabad,bat,Kolkata Knight Riders,wickets,8.0,143.0,20.0,N,normal,AK Chaudhary,CK Nandan
525,2016,Mumbai,2016-04-16,League,AJ Finch,Wankhede Stadium,Mumbai Indians,Gujarat Lions,Gujarat Lions,field,Gujarat Lions,wickets,3.0,144.0,20.0,N,normal,HDPK Dharmasena,VK Sharma
526,2016,Chandigarh,2016-04-17,League,M Vohra,"Punjab Cricket Association IS Bindra Stadium, Mohali",Kings XI Punjab,Rising Pune Supergiants,Rising Pune Supergiants,bat,Kings XI Punjab,wickets,6.0,153.0,20.0,N,normal,S Ravi,C Shamshuddin
527,2016,Bangalore,2016-04-17,League,Q de Kock,M Chinnaswamy Stadium,Royal Challengers Bangalore,Delhi Daredevils,Delhi Daredevils,field,Delhi Daredevils,wickets,7.0,192.0,20.0,N,normal,VA Kulkarni,A Nand Kishore
528,2016,Hyderabad,2016-04-18,League,DA Warner,"Rajiv Gandhi International Stadium, Uppal",Sunrisers Hyderabad,Mumbai Indians,Sunrisers Hyderabad,field,Sunrisers Hyderabad,wickets,7.0,143.0,20.0,N,normal,HDPK Dharmasena,VK Sharma
529,2016,Chandigarh,2016-04-19,League,RV Uthappa,"Punjab Cricket Association IS Bindra Stadium, Mohali",Kings XI Punjab,Kolkata Knight Riders,Kolkata Knight Riders,field,Kolkata Knight Riders,wickets,6.0,139.0,20.0,N,normal,S Ravi,C Shamshuddin
530,2016,Mumbai,2016-04-20,League,RG Sharma,Wankhede Stadium,Mumbai Indians,Royal Challengers Bangalore,Mumbai Indians,field,Mumbai Indians,wickets,6.0,171.0,20.0,N,normal,AK Chaudhary,CK Nandan
531,2016,Rajkot,2016-04-21,League,B Kumar,Saurashtra Cricket Association Stadium,Gujarat Lions,Sunrisers Hyderabad,Sunrisers Hyderabad,field,Sunrisers Hyderabad,wickets,10.0,136.0,20.0,N,normal,K Bharatan,HDPK Dharmasena
532,2016,Pune,2016-04-22,League,AB de Villiers,Maharashtra Cricket Association Stadium,Rising Pune Supergiants,Royal Challengers Bangalore,Rising Pune Supergiants,field,Royal Challengers Bangalore,runs,13.0,186.0,20.0,N,normal,CB Gaffaney,VK Sharma
533,2016,Delhi,2016-04-23,League,SV Samson,Feroz Shah Kotla,Delhi Daredevils,Mumbai Indians,Mumbai Indians,field,Delhi Daredevils,runs,10.0,165.0,20.0,N,normal,S Ravi,C Shamshuddin
534,2016,Hyderabad,2016-04-23,League,Mustafizur Rahman,"Rajiv Gandhi International Stadium, Uppal",Sunrisers Hyderabad,Kings XI Punjab,Sunrisers Hyderabad,field,Sunrisers Hyderabad,wickets,5.0,144.0,20.0,N,normal,AK Chaudhary,CK Nandan
535,2016,Rajkot,2016-04-24,League,V Kohli,Saurashtra Cricket Association Stadium,Gujarat Lions,Royal Challengers Bangalore,Royal Challengers Bangalore,bat,Gujarat Lions,wickets,6.0,181.0,20.0,N,normal,K Bharatan,BNJ Oxenford
536,2016,Pune,2016-04-24,League,SA Yadav,Maharashtra Cricket Association Stadium,Rising Pune Supergiants,Kolkata Knight Riders,Kolkata Knight Riders,field,Kolkata Knight Riders,wickets,2.0,161.0,20.0,N,normal,CB Gaffaney,A Nand Kishore
537,2016,Chandigarh,2016-04-25,League,PA Patel,"Punjab Cricket Association IS Bindra Stadium, Mohali",Kings XI Punjab,Mumbai Indians,Kings XI Punjab,field,Mumbai Indians,runs,25.0,190.0,20.0,N,normal,Nitin Menon,RJ Tucker
538,2016,Hyderabad,2016-04-26,League,AB Dinda,"Rajiv Gandhi International Stadium, Uppal",Sunrisers Hyderabad,Rising Pune Supergiants,Rising Pune Supergiants,field,Rising Pune Supergiants,runs,34.0,61.0,11.0,N,D/L,AY Dandekar,CK Nandan
539,2016,Delhi,2016-04-27,League,CH Morris,Feroz Shah Kotla,Delhi Daredevils,Gujarat Lions,Delhi Daredevils,field,Gujarat Lions,runs,1.0,173.0,20.0,N,normal,M Erasmus,S Ravi
540,2016,Mumbai,2016-04-28,League,RG Sharma,Wankhede Stadium,Mumbai Indians,Kolkata Knight Riders,Mumbai Indians,field,Mumbai Indians,wickets,6.0,175.0,20.0,N,normal,Nitin Menon,RJ Tucker
541,2016,Pune,2016-04-29,League,DR Smith,Maharashtra Cricket Association Stadium,Rising Pune Supergiants,Gujarat Lions,Gujarat Lions,field,Gujarat Lions,wickets,3.0,196.0,20.0,N,normal,CB Gaffaney,BNJ Oxenford
542,2016,Delhi,2016-04-30,League,CR Brathwaite,Feroz Shah Kotla,Delhi Daredevils,Kolkata Knight Riders,Kolkata Knight Riders,field,Delhi Daredevils,runs,27.0,187.0,20.0,N,normal,KN Ananthapadmanabhan,M Erasmus
543,2016,Hyderabad,2016-04-30,League,DA Warner,"Rajiv Gandhi International Stadium, Uppal",Sunrisers Hyderabad,Royal Challengers Bangalore,Royal Challengers Bangalore,field,Sunrisers Hyderabad,runs,15.0,195.0,20.0,N,normal,AK Chaudhary,HDPK Dharmasena
544,2016,Rajkot,2016-05-01,League,AR Patel,Saurashtra Cricket Association Stadium,Gujarat Lions,Kings XI Punjab,Gujarat Lions,field,Kings XI Punjab,runs,23.0,155.0,20.0,N,normal,BNJ Oxenford,VK Sharma
545,2016,Pune,2016-05-01,League,RG Sharma,Maharashtra Cricket Association Stadium,Rising Pune Supergiants,Mumbai Indians,Mumbai Indians,field,Mumbai Indians,wickets,8.0,160.0,20.0,N,normal,AY Dandekar,RJ Tucker
546,2016,Bangalore,2016-05-02,League,AD Russell,M Chinnaswamy Stadium,Royal Challengers Bangalore,Kolkata Knight Riders,Kolkata Knight Riders,field,Kolkata Knight Riders,wickets,5.0,186.0,20.0,N,normal,M Erasmus,S Ravi
547,2016,Rajkot,2016-05-03,League,RR Pant,Saurashtra Cricket Association Stadium,Gujarat Lions,Delhi Daredevils,Delhi Daredevils,field,Delhi Daredevils,wickets,8.0,150.0,20.0,N,normal,CB Gaffaney,BNJ Oxenford
548,2016,Kolkata,2016-05-04,League,AD Russell,Eden Gardens,Kolkata Knight Riders,Kings XI Punjab,Kings XI Punjab,field,Kolkata Knight Riders,runs,7.0,165.0,20.0,N,normal,AK Chaudhary,HDPK Dharmasena
549,2016,Delhi,2016-05-05,League,AM Rahane,Feroz Shah Kotla,Delhi Daredevils,Rising Pune Supergiants,Rising Pune Supergiants,field,Rising Pune Supergiants,wickets,7.0,163.0,20.0,N,normal,C Shamshuddin,RJ Tucker
550,2016,Hyderabad,2016-05-06,League,B Kumar,"Rajiv Gandhi International Stadium, Uppal",Sunrisers Hyderabad,Gujarat Lions,Sunrisers Hyderabad,field,Sunrisers Hyderabad,wickets,5.0,127.0,20.0,N,normal,M Erasmus,S Ravi
551,2016,Bangalore,2016-05-07,League,V Kohli,M Chinnaswamy Stadium,Royal Challengers Bangalore,Rising Pune Supergiants,Royal Challengers Bangalore,field,Royal Challengers Bangalore,wickets,7.0,192.0,20.0,N,normal,CB Gaffaney,BNJ Oxenford
552,2016,Chandigarh,2016-05-07,League,MP Stoinis,"Punjab Cricket Association IS Bindra Stadium, Mohali",Kings XI Punjab,Delhi Daredevils,Delhi Daredevils,field,Kings XI Punjab,runs,9.0,182.0,20.0,N,normal,HDPK Dharmasena,CK Nandan
553,2016,Visakhapatnam,2016-05-08,League,A Nehra,Dr. Y.S. Rajasekhara Reddy ACA-VDCA Cricket Stadium,Mumbai Indians,Sunrisers Hyderabad,Mumbai Indians,field,Sunrisers Hyderabad,runs,85.0,178.0,20.0,N,normal,S Ravi,C Shamshuddin
554,2016,Kolkata,2016-05-08,League,P Kumar,Eden Gardens,Kolkata Knight Riders,Gujarat Lions,Gujarat Lions,field,Gujarat Lions,wickets,5.0,159.0,20.0,N,normal,M Erasmus,RJ Tucker
555,2016,Chandigarh,2016-05-09,League,SR Watson,"Punjab Cricket Association IS Bindra Stadium, Mohali",Kings XI Punjab,Royal Challengers Bangalore,Kings XI Punjab,field,Royal Challengers Bangalore,runs,1.0,176.0,20.0,N,normal,AK Chaudhary,HDPK Dharmasena
556,2016,Visakhapatnam,2016-05-10,League,A Zampa,Dr. Y.S. Rajasekhara Reddy ACA-VDCA Cricket Stadium,Rising Pune Supergiants,Sunrisers Hyderabad,Sunrisers Hyderabad,bat,Sunrisers Hyderabad,runs,4.0,138.0,20.0,N,normal,CB Gaffaney,VK Sharma
557,2016,Bangalore,2016-05-11,League,KH Pandya,M Chinnaswamy Stadium,Royal Challengers Bangalore,Mumbai Indians,Mumbai Indians,field,Mumbai Indians,wickets,6.0,152.0,20.0,N,normal,AY Dandekar,C Shamshuddin
558,2016,Hyderabad,2016-05-12,League,CH Morris,"Rajiv Gandhi International Stadium, Uppal",Sunrisers Hyderabad,Delhi Daredevils,Delhi Daredevils,field,Delhi Daredevils,wickets,7.0,147.0,20.0,N,normal,K Bharatan,M Erasmus
559,2016,Visakhapatnam,2016-05-13,League,MP Stoinis,Dr. Y.S. Rajasekhara Reddy ACA-VDCA Cricket Stadium,Mumbai Indians,Kings XI Punjab,Mumbai Indians,bat,Kings XI Punjab,wickets,7.0,125.0,20.0,N,normal,HDPK Dharmasena,CK Nandan
560,2016,Bangalore,2016-05-14,League,AB de Villiers,M Chinnaswamy Stadium,Royal Challengers Bangalore,Gujarat Lions,Gujarat Lions,field,Royal Challengers Bangalore,runs,144.0,249.0,20.0,N,normal,AY Dandekar,VK Sharma
561,2016,Kolkata,2016-05-14,League,YK Pathan,Eden Gardens,Kolkata Knight Riders,Rising Pune Supergiants,Rising Pune Supergiants,bat,Kolkata Knight Riders,wickets,8.0,66.0,9.0,N,D/L,A Nand Kishore,BNJ Oxenford
562,2016,Chandigarh,2016-05-15,League,HM Amla,"Punjab Cricket Association IS Bindra Stadium, Mohali",Kings XI Punjab,Sunrisers Hyderabad,Kings XI Punjab,bat,Sunrisers Hyderabad,wickets,7.0,180.0,20.0,N,normal,KN Ananthapadmanabhan,M Erasmus
563,2016,Visakhapatnam,2016-05-15,League,KH Pandya,Dr. Y.S. Rajasekhara Reddy ACA-VDCA Cricket Stadium,Mumbai Indians,Delhi Daredevils,Delhi Daredevils,field,Mumbai Indians,runs,80.0,207.0,20.0,N,normal,Nitin Menon,CK Nandan
564,2016,Kolkata,2016-05-16,League,V Kohli,Eden Gardens,Kolkata Knight Riders,Royal Challengers Bangalore,Royal Challengers Bangalore,field,Royal Challengers Bangalore,wickets,9.0,184.0,20.0,N,normal,CB Gaffaney,A Nand Kishore
565,2016,Visakhapatnam,2016-05-17,League,AB Dinda,Dr. Y.S. Rajasekhara Reddy ACA-VDCA Cricket Stadium,Rising Pune Supergiants,Delhi Daredevils,Rising Pune Supergiants,field,Rising Pune Supergiants,runs,19.0,58.0,11.0,N,D/L,Nitin Menon,C Shamshuddin
566,2016,Bangalore,2016-05-18,League,V Kohli,M Chinnaswamy Stadium,Royal Challengers Bangalore,Kings XI Punjab,Kings XI Punjab,field,Royal Challengers Bangalore,runs,82.0,203.0,14.0,N,D/L,KN Ananthapadmanabhan,M Erasmus
567,2016,Kanpur,2016-05-19,League,DR Smith,Green Park,Gujarat Lions,Kolkata Knight Riders,Gujarat Lions,field,Gujarat Lions,wickets,6.0,125.0,20.0,N,normal,AK Chaudhary,CK Nandan
568,2016,Raipur,2016-05-20,League,KK Nair,Shaheed Veer Narayan Singh International Stadium,Delhi Daredevils,Sunrisers Hyderabad,Delhi Daredevils,field,Delhi Daredevils,wickets,6.0,159.0,20.0,N,normal,A Nand Kishore,BNJ Oxenford
569,2016,Visakhapatnam,2016-05-21,League,MS Dhoni,Dr. Y.S. Rajasekhara Reddy ACA-VDCA Cricket Stadium,Rising Pune Supergiants,Kings XI Punjab,Kings XI Punjab,bat,Rising Pune Supergiants,wickets,4.0,173.0,20.0,N,normal,HDPK Dharmasena,Nitin Menon
570,2016,Kanpur,2016-05-21,League,SK Raina,Green Park,Gujarat Lions,Mumbai Indians,Gujarat Lions,field,Gujarat Lions,wickets,6.0,173.0,20.0,N,normal,AK Chaudhary,CK Nandan
571,2016,Kolkata,2016-05-22,League,YK Pathan,Eden Gardens,Kolkata Knight Riders,Sunrisers Hyderabad,Sunrisers Hyderabad,field,Kolkata Knight Riders,runs,22.0,172.0,20.0,N,normal,KN Ananthapadmanabhan,M Erasmus
572,2016,Raipur,2016-05-22,League,V Kohli,Shaheed Veer Narayan Singh International Stadium,Delhi Daredevils,Royal Challengers Bangalore,Royal Challengers Bangalore,field,Royal Challengers Bangalore,wickets,6.0,139.0,20.0,N,normal,A Nand Kishore,BNJ Oxenford
573,2016,Bangalore,2016-05-24,Qualifier 1,AB de Villiers,M Chinnaswamy Stadium,Gujarat Lions,Royal Challengers Bangalore,Royal Challengers Bangalore,field,Royal Challengers Bangalore,wickets,4.0,159.0,20.0,N,normal,AK Chaudhary,HDPK Dharmasena
574,2016,Delhi,2016-05-25,Elimination Final,MC Henriques,Feroz Shah Kotla,Sunrisers Hyderabad,Kolkata Knight Riders,Kolkata Knight Riders,field,Sunrisers Hyderabad,runs,22.0,163.0,20.0,N,normal,M Erasmus,C Shamshuddin
575,2016,Delhi,2016-05-27,Qualifier 2,DA Warner,Feroz Shah Kotla,Gujarat Lions,Sunrisers Hyderabad,Sunrisers Hyderabad,field,Sunrisers Hyderabad,wickets,4.0,163.0,20.0,N,normal,M Erasmus,CK Nandan
576,2016,Bangalore,2016-05-29,Final,BCJ Cutting,M Chinnaswamy Stadium,Royal Challengers Bangalore,Sunrisers Hyderabad,Sunrisers Hyderabad,bat,Sunrisers Hyderabad,runs,8.0,209.0,20.0,N,normal,HDPK Dharmasena,BNJ Oxenford
577,2017,Hyderabad,2017-04-05,League,Yuvraj Singh,"Rajiv Gandhi International Stadium, Uppal",Sunrisers Hyderabad,Royal Challengers Bangalore,Royal Challengers Bangalore,field,Sunrisers Hyderabad,runs,35.0,208.0,20.0,N,normal,AY Dandekar,NJ Llong
578,2017,Pune,2017-04-06,League,SPD Smith,Maharashtra Cricket Association Stadium,Rising Pune Supergiant,Mumbai Indians,Rising Pune Supergiant,field,Rising Pune Supergiant,wickets,7.0,185.0,20.0,N,normal,A Nand Kishore,S Ravi
579,2017,Rajkot,2017-04-07,League,CA Lynn,Saurashtra Cricket Association Stadium,Gujarat Lions,Kolkata Knight Riders,Kolkata Knight Riders,field,Kolkata Knight Riders,wickets,10.0,184.0,20.0,N,normal,Nitin Menon,CK Nandan
580,2017,Indore,2017-04-08,League,GJ Maxwell,Holkar Cricket Stadium,Kings XI Punjab,Rising Pune Supergiant,Kings XI Punjab,field,Kings XI Punjab,wickets,6.0,164.0,20.0,N,normal,AK Chaudhary,C Shamshuddin
581,2017,Bengaluru,2017-04-08,League,KM Jadhav,M.Chinnaswamy Stadium,Royal Challengers Bangalore,Delhi Daredevils,Royal Challengers Bangalore,bat,Royal Challengers Bangalore,runs,15.0,158.0,20.0,N,normal,S Ravi,VK Sharma
582,2017,Hyderabad,2017-04-09,League,Rashid Khan,"Rajiv Gandhi International Stadium, Uppal",Sunrisers Hyderabad,Gujarat Lions,Sunrisers Hyderabad,field,Sunrisers Hyderabad,wickets,9.0,136.0,20.0,N,normal,A Deshmukh,NJ Llong
583,2017,Mumbai,2017-04-09,League,N Rana,Wankhede Stadium,Mumbai Indians,Kolkata Knight Riders,Mumbai Indians,field,Mumbai Indians,wickets,4.0,179.0,20.0,N,normal,Nitin Menon,CK Nandan
584,2017,Indore,2017-04-10,League,AR Patel,Holkar Cricket Stadium,Kings XI Punjab,Royal Challengers Bangalore,Royal Challengers Bangalore,bat,Kings XI Punjab,wickets,8.0,149.0,20.0,N,normal,AK Chaudhary,C Shamshuddin
585,2017,Pune,2017-04-11,League,SV Samson,Maharashtra Cricket Association Stadium,Rising Pune Supergiant,Delhi Daredevils,Rising Pune Supergiant,field,Delhi Daredevils,runs,97.0,206.0,20.0,N,normal,AY Dandekar,S Ravi
586,2017,Mumbai,2017-04-12,League,JJ Bumrah,Wankhede Stadium,Mumbai Indians,Sunrisers Hyderabad,Mumbai Indians,field,Mumbai Indians,wickets,4.0,159.0,20.0,N,normal,Nitin Menon,CK Nandan
587,2017,Kolkata,2017-04-13,League,SP Narine,Eden Gardens,Kolkata Knight Riders,Kings XI Punjab,Kolkata Knight Riders,field,Kolkata Knight Riders,wickets,8.0,171.0,20.0,N,normal,A Deshmukh,NJ Llong
588,2017,Bangalore,2017-04-14,League,KA Pollard,M Chinnaswamy Stadium,Royal Challengers Bangalore,Mumbai Indians,Mumbai Indians,field,Mumbai Indians,wickets,4.0,143.0,20.0,N,normal,KN Ananthapadmanabhan,AK Chaudhary
589,2017,Rajkot,2017-04-14,League,AJ Tye,Saurashtra Cricket Association Stadium,Gujarat Lions,Rising Pune Supergiant,Gujarat Lions,field,Gujarat Lions,wickets,7.0,172.0,20.0,N,normal,A Nand Kishore,S Ravi
590,2017,Kolkata,2017-04-15,League,RV Uthappa,Eden Gardens,Kolkata Knight Riders,Sunrisers Hyderabad,Sunrisers Hyderabad,field,Kolkata Knight Riders,runs,17.0,173.0,20.0,N,normal,AY Dandekar,NJ Llong
591,2017,Delhi,2017-04-15,League,CJ Anderson,Feroz Shah Kotla,Delhi Daredevils,Kings XI Punjab,Delhi Daredevils,bat,Delhi Daredevils,runs,51.0,189.0,20.0,N,normal,YC Barde,Nitin Menon
592,2017,Mumbai,2017-04-16,League,N Rana,Wankhede Stadium,Mumbai Indians,Gujarat Lions,Mumbai Indians,field,Mumbai Indians,wickets,6.0,177.0,20.0,N,normal,A Nand Kishore,S Ravi
593,2017,Bangalore,2017-04-16,League,BA Stokes,M Chinnaswamy Stadium,Royal Challengers Bangalore,Rising Pune Supergiant,Royal Challengers Bangalore,field,Rising Pune Supergiant,runs,27.0,162.0,20.0,N,normal,KN Ananthapadmanabhan,C Shamshuddin
594,2017,Delhi,2017-04-17,League,NM Coulter-Nile,Feroz Shah Kotla,Delhi Daredevils,Kolkata Knight Riders,Delhi Daredevils,bat,Kolkata Knight Riders,wickets,4.0,169.0,20.0,N,normal,Nitin Menon,CK Nandan
595,2017,Hyderabad,2017-04-17,League,B Kumar,"Rajiv Gandhi International Stadium, Uppal",Sunrisers Hyderabad,Kings XI Punjab,Kings XI Punjab,field,Sunrisers Hyderabad,runs,5.0,160.0,20.0,N,normal,AY Dandekar,A Deshmukh
596,2017,Rajkot,2017-04-18,League,CH Gayle,Saurashtra Cricket Association Stadium,Gujarat Lions,Royal Challengers Bangalore,Gujarat Lions,field,Royal Challengers Bangalore,runs,21.0,214.0,20.0,N,normal,S Ravi,VK Sharma
597,2017,Hyderabad,2017-04-19,League,KS Williamson,"Rajiv Gandhi International Stadium, Uppal",Sunrisers Hyderabad,Delhi Daredevils,Sunrisers Hyderabad,bat,Sunrisers Hyderabad,runs,15.0,192.0,20.0,N,normal,CB Gaffaney,NJ Llong
598,2017,Indore,2017-04-20,League,JC Buttler,Holkar Cricket Stadium,Kings XI Punjab,Mumbai Indians,Mumbai Indians,field,Mumbai Indians,wickets,8.0,199.0,20.0,N,normal,M Erasmus,C Shamshuddin
599,2017,Kolkata,2017-04-21,League,SK Raina,Eden Gardens,Kolkata Knight Riders,Gujarat Lions,Gujarat Lions,field,Gujarat Lions,wickets,4.0,188.0,20.0,N,normal,CB Gaffaney,Nitin Menon
600,2017,Mumbai,2017-04-22,League,MJ McClenaghan,Wankhede Stadium,Mumbai Indians,Delhi Daredevils,Delhi Daredevils,field,Mumbai Indians,runs,14.0,143.0,20.0,N,normal,A Nand Kishore,S Ravi
601,2017,Pune,2017-04-22,League,MS Dhoni,Maharashtra Cricket Association Stadium,Rising Pune Supergiant,Sunrisers Hyderabad,Rising Pune Supergiant,field,Rising Pune Supergiant,wickets,6.0,177.0,20.0,N,normal,AY Dandekar,A Deshmukh
602,2017,Rajkot,2017-04-23,League,HM Amla,Saurashtra Cricket Association Stadium,Gujarat Lions,Kings XI Punjab,Gujarat Lions,field,Kings XI Punjab,runs,26.0,189.0,20.0,N,normal,AK Chaudhary,M Erasmus
603,2017,Kolkata,2017-04-23,League,NM Coulter-Nile,Eden Gardens,Kolkata Knight Riders,Royal Challengers Bangalore,Royal Challengers Bangalore,field,Kolkata Knight Riders,runs,82.0,132.0,20.0,N,normal,CB Gaffaney,CK Nandan
604,2017,Mumbai,2017-04-24,League,BA Stokes,Wankhede Stadium,Mumbai Indians,Rising Pune Supergiant,Mumbai Indians,field,Rising Pune Supergiant,runs,3.0,161.0,20.0,N,normal,A Nand Kishore,S Ravi
605,2017,Pune,2017-04-26,League,RV Uthappa,Maharashtra Cricket Association Stadium,Rising Pune Supergiant,Kolkata Knight Riders,Kolkata Knight Riders,field,Kolkata Knight Riders,wickets,7.0,183.0,20.0,N,normal,AY Dandekar,NJ Llong
606,2017,Bangalore,2017-04-27,League,AJ Tye,M Chinnaswamy Stadium,Royal Challengers Bangalore,Gujarat Lions,Gujarat Lions,field,Gujarat Lions,wickets,7.0,135.0,20.0,N,normal,AK Chaudhary,C Shamshuddin
607,2017,Kolkata,2017-04-28,League,G Gambhir,Eden Gardens,Kolkata Knight Riders,Delhi Daredevils,Kolkata Knight Riders,field,Kolkata Knight Riders,wickets,7.0,161.0,20.0,N,normal,NJ Llong,S Ravi
608,2017,Chandigarh,2017-04-28,League,Rashid Khan,"Punjab Cricket Association IS Bindra Stadium, Mohali",Kings XI Punjab,Sunrisers Hyderabad,Kings XI Punjab,field,Sunrisers Hyderabad,runs,26.0,208.0,20.0,N,normal,Nitin Menon,CK Nandan
609,2017,Pune,2017-04-29,League,LH Ferguson,Maharashtra Cricket Association Stadium,Rising Pune Supergiant,Royal Challengers Bangalore,Royal Challengers Bangalore,field,Rising Pune Supergiant,runs,61.0,158.0,20.0,N,normal,KN Ananthapadmanabhan,M Erasmus
610,2017,Rajkot,2017-04-29,League,KH Pandya,Saurashtra Cricket Association Stadium,Gujarat Lions,Mumbai Indians,Gujarat Lions,bat,Mumbai Indians,tie,,154.0,20.0,Y,normal,AK Chaudhary,CB Gaffaney
611,2017,Chandigarh,2017-04-30,League,Sandeep Sharma,"Punjab Cricket Association IS Bindra Stadium, Mohali",Kings XI Punjab,Delhi Daredevils,Kings XI Punjab,field,Kings XI Punjab,wickets,10.0,68.0,20.0,N,normal,YC Barde,CK Nandan
612,2017,Hyderabad,2017-04-30,League,DA Warner,"Rajiv Gandhi International Stadium, Uppal",Sunrisers Hyderabad,Kolkata Knight Riders,Kolkata Knight Riders,field,Sunrisers Hyderabad,runs,48.0,210.0,20.0,N,normal,AY Dandekar,S Ravi
613,2017,Mumbai,2017-05-01,League,RG Sharma,Wankhede Stadium,Mumbai Indians,Royal Challengers Bangalore,Royal Challengers Bangalore,bat,Mumbai Indians,wickets,5.0,163.0,20.0,N,normal,AK Chaudhary,CB Gaffaney
614,2017,Pune,2017-05-01,League,BA Stokes,Maharashtra Cricket Association Stadium,Rising Pune Supergiant,Gujarat Lions,Rising Pune Supergiant,field,Rising Pune Supergiant,wickets,5.0,162.0,20.0,N,normal,M Erasmus,C Shamshuddin
615,2017,Delhi,2017-05-02,League,Mohammed Shami,Feroz Shah Kotla,Delhi Daredevils,Sunrisers Hyderabad,Delhi Daredevils,field,Delhi Daredevils,wickets,6.0,186.0,20.0,N,normal,YC Barde,Nitin Menon
616,2017,Kolkata,2017-05-03,League,RA Tripathi,Eden Gardens,Kolkata Knight Riders,Rising Pune Supergiant,Rising Pune Supergiant,field,Rising Pune Supergiant,wickets,4.0,156.0,20.0,N,normal,KN Ananthapadmanabhan,A Nand Kishore
617,2017,Delhi,2017-05-04,League,RR Pant,Feroz Shah Kotla,Delhi Daredevils,Gujarat Lions,Delhi Daredevils,field,Delhi Daredevils,wickets,7.0,209.0,20.0,N,normal,M Erasmus,Nitin Menon
618,2017,Bangalore,2017-05-05,League,Sandeep Sharma,M Chinnaswamy Stadium,Royal Challengers Bangalore,Kings XI Punjab,Royal Challengers Bangalore,field,Kings XI Punjab,runs,19.0,139.0,20.0,N,normal,CB Gaffaney,C Shamshuddin
619,2017,Hyderabad,2017-05-06,League,JD Unadkat,"Rajiv Gandhi International Stadium, Uppal",Sunrisers Hyderabad,Rising Pune Supergiant,Sunrisers Hyderabad,field,Rising Pune Supergiant,runs,12.0,149.0,20.0,N,normal,KN Ananthapadmanabhan,AK Chaudhary
620,2017,Delhi,2017-05-06,League,LMP Simmons,Feroz Shah Kotla,Delhi Daredevils,Mumbai Indians,Delhi Daredevils,field,Mumbai Indians,runs,146.0,213.0,20.0,N,normal,Nitin Menon,CK Nandan
621,2017,Bangalore,2017-05-07,League,SP Narine,M Chinnaswamy Stadium,Royal Challengers Bangalore,Kolkata Knight Riders,Kolkata Knight Riders,field,Kolkata Knight Riders,wickets,6.0,159.0,20.0,N,normal,AY Dandekar,C Shamshuddin
622,2017,Chandigarh,2017-05-07,League,DR Smith,"Punjab Cricket Association IS Bindra Stadium, Mohali",Kings XI Punjab,Gujarat Lions,Gujarat Lions,field,Gujarat Lions,wickets,6.0,190.0,20.0,N,normal,A Nand Kishore,VK Sharma
623,2017,Hyderabad,2017-05-08,League,S Dhawan,"Rajiv Gandhi International Stadium, Uppal",Sunrisers Hyderabad,Mumbai Indians,Mumbai Indians,bat,Sunrisers Hyderabad,wickets,7.0,139.0,20.0,N,normal,KN Ananthapadmanabhan,M Erasmus
624,2017,Chandigarh,2017-05-09,League,MM Sharma,"Punjab Cricket Association IS Bindra Stadium, Mohali",Kings XI Punjab,Kolkata Knight Riders,Kolkata Knight Riders,field,Kings XI Punjab,runs,14.0,168.0,20.0,N,normal,A Nand Kishore,S Ravi
625,2017,Kanpur,2017-05-10,League,SS Iyer,Green Park,Gujarat Lions,Delhi Daredevils,Delhi Daredevils,field,Delhi Daredevils,wickets,2.0,196.0,20.0,N,normal,YC Barde,AK Chaudhary
626,2017,Mumbai,2017-05-11,League,WP Saha,Wankhede Stadium,Mumbai Indians,Kings XI Punjab,Mumbai Indians,field,Kings XI Punjab,runs,7.0,231.0,20.0,N,normal,A Deshmukh,A Nand Kishore
627,2017,Delhi,2017-05-12,League,KK Nair,Feroz Shah Kotla,Delhi Daredevils,Rising Pune Supergiant,Delhi Daredevils,bat,Delhi Daredevils,runs,7.0,169.0,20.0,N,normal,KN Ananthapadmanabhan,CK Nandan
628,2017,Kanpur,2017-05-13,League,Mohammed Siraj,Green Park,Gujarat Lions,Sunrisers Hyderabad,Sunrisers Hyderabad,field,Sunrisers Hyderabad,wickets,8.0,155.0,20.0,N,normal,AK Chaudhary,Nitin Menon
629,2017,Kolkata,2017-05-13,League,AT Rayudu,Eden Gardens,Kolkata Knight Riders,Mumbai Indians,Kolkata Knight Riders,field,Mumbai Indians,runs,9.0,174.0,20.0,N,normal,A Nand Kishore,S Ravi
630,2017,Pune,2017-05-14,League,JD Unadkat,Maharashtra Cricket Association Stadium,Rising Pune Supergiant,Kings XI Punjab,Rising Pune Supergiant,field,Rising Pune Supergiant,wickets,9.0,74.0,20.0,N,normal,AY Dandekar,A Deshmukh
631,2017,Delhi,2017-05-14,League,HV Patel,Feroz Shah Kotla,Delhi Daredevils,Royal Challengers Bangalore,Royal Challengers Bangalore,bat,Royal Challengers Bangalore,runs,10.0,162.0,20.0,N,normal,CK Nandan,C Shamshuddin
632,2017,Mumbai,2017-05-16,Qualifier 1,Washington Sundar,Wankhede Stadium,Mumbai Indians,Rising Pune Supergiant,Mumbai Indians,field,Rising Pune Supergiant,runs,20.0,163.0,20.0,N,normal,S Ravi,C Shamshuddin
633,2017,Bangalore,2017-05-17,Eliminator,NM Coulter-Nile,M Chinnaswamy Stadium,Sunrisers Hyderabad,Kolkata Knight Riders,Kolkata Knight Riders,field,Kolkata Knight Riders,wickets,7.0,48.0,6.0,N,D/L,AK Chaudhary,Nitin Menon
634,2017,Bangalore,2017-05-19,Qualifier 2,KV Sharma,M Chinnaswamy Stadium,Mumbai Indians,Kolkata Knight Riders,Mumbai Indians,field,Mumbai Indians,wickets,6.0,108.0,20.0,N,normal,NJ Llong,Nitin Menon
635,2017,Hyderabad,2017-05-21,Final,KH Pandya,"Rajiv Gandhi International Stadium, Uppal",Mumbai Indians,Rising Pune Supergiant,Mumbai Indians,bat,Mumbai Indians,runs,1.0,130.0,20.0,N,normal,NJ Llong,S Ravi
636,2018,Mumbai,2018-04-07,League,DJ Bravo,Wankhede Stadium,Mumbai Indians,Chennai Super Kings,Chennai Super Kings,field,Chennai Super Kings,wickets,1.0,166.0,20.0,N,normal,CB Gaffaney,A Nand Kishore
637,2018,Chandigarh,2018-04-08,League,KL Rahul,Punjab Cricket Association IS Bindra Stadium,Delhi Daredevils,Kings XI Punjab,Kings XI Punjab,field,Kings XI Punjab,wickets,6.0,167.0,20.0,N,normal,KN Ananthapadmanabhan,RJ Tucker
638,2018,Kolkata,2018-04-08,League,SP Narine,Eden Gardens,Royal Challengers Bangalore,Kolkata Knight Riders,Kolkata Knight Riders,field,Kolkata Knight Riders,wickets,4.0,177.0,20.0,N,normal,A Deshmukh,C Shamshuddin
639,2018,Hyderabad,2018-04-09,League,S Dhawan,Rajiv Gandhi International Stadium,Rajasthan Royals,Sunrisers Hyderabad,Sunrisers Hyderabad,field,Sunrisers Hyderabad,wickets,9.0,126.0,20.0,N,normal,NJ Llong,VA Kulkarni
640,2018,Chennai,2018-04-10,League,SW Billings,MA Chidambaram Stadium,Kolkata Knight Riders,Chennai Super Kings,Chennai Super Kings,field,Chennai Super Kings,wickets,5.0,203.0,20.0,N,normal,AK Chaudhary,CB Gaffaney
641,2018,Jaipur,2018-04-11,League,SV Samson,Sawai Mansingh Stadium,Rajasthan Royals,Delhi Daredevils,Delhi Daredevils,field,Rajasthan Royals,runs,10.0,71.0,6.0,N,D/L,KN Ananthapadmanabhan,Nitin Menon
642,2018,Hyderabad,2018-04-12,League,Rashid Khan,Rajiv Gandhi International Stadium,Mumbai Indians,Sunrisers Hyderabad,Sunrisers Hyderabad,field,Sunrisers Hyderabad,wickets,1.0,148.0,20.0,N,normal,CK Nandan,NJ Llong
643,2018,Bengaluru,2018-04-13,League,UT Yadav,M.Chinnaswamy Stadium,Kings XI Punjab,Royal Challengers Bangalore,Royal Challengers Bangalore,field,Royal Challengers Bangalore,wickets,4.0,156.0,20.0,N,normal,A Deshmukh,S Ravi
644,2018,Mumbai,2018-04-14,League,JJ Roy,Wankhede Stadium,Mumbai Indians,Delhi Daredevils,Delhi Daredevils,field,Delhi Daredevils,wickets,7.0,195.0,20.0,N,normal,KN Ananthapadmanabhan,Nitin Menon
645,2018,Kolkata,2018-04-14,League,B Stanlake,Eden Gardens,Kolkata Knight Riders,Sunrisers Hyderabad,Sunrisers Hyderabad,field,Sunrisers Hyderabad,wickets,5.0,139.0,20.0,N,normal,AK Chaudhary,A Nand Kishore
646,2018,Bengaluru,2018-04-15,League,SV Samson,M.Chinnaswamy Stadium,Rajasthan Royals,Royal Challengers Bangalore,Royal Challengers Bangalore,field,Rajasthan Royals,runs,19.0,218.0,20.0,N,normal,C Shamshuddin,S Ravi
647,2018,Chandigarh,2018-04-15,League,CH Gayle,Punjab Cricket Association IS Bindra Stadium,Kings XI Punjab,Chennai Super Kings,Chennai Super Kings,field,Kings XI Punjab,runs,4.0,198.0,20.0,N,normal,CK Nandan,VA Kulkarni
648,2018,Kolkata,2018-04-16,League,N Rana,Eden Gardens,Kolkata Knight Riders,Delhi Daredevils,Delhi Daredevils,field,Kolkata Knight Riders,runs,71.0,201.0,20.0,N,normal,AK Chaudhary,A Nand Kishore
649,2018,Mumbai,2018-04-17,League,RG Sharma,Wankhede Stadium,Mumbai Indians,Royal Challengers Bangalore,Royal Challengers Bangalore,field,Mumbai Indians,runs,46.0,214.0,20.0,N,normal,Nitin Menon,RJ Tucker
650,2018,Jaipur,2018-04-18,League,N Rana,Sawai Mansingh Stadium,Rajasthan Royals,Kolkata Knight Riders,Kolkata Knight Riders,field,Kolkata Knight Riders,wickets,7.0,161.0,20.0,N,normal,A Deshmukh,S Ravi
651,2018,Chandigarh,2018-04-19,League,CH Gayle,Punjab Cricket Association IS Bindra Stadium,Kings XI Punjab,Sunrisers Hyderabad,Kings XI Punjab,bat,Kings XI Punjab,runs,15.0,194.0,20.0,N,normal,AK Chaudhary,NJ Llong
652,2018,Pune,2018-04-20,League,SR Watson,Maharashtra Cricket Association Stadium,Chennai Super Kings,Rajasthan Royals,Rajasthan Royals,field,Chennai Super Kings,runs,64.0,205.0,20.0,N,normal,KN Ananthapadmanabhan,Nitin Menon
653,2018,Kolkata,2018-04-21,League,KL Rahul,Eden Gardens,Kolkata Knight Riders,Kings XI Punjab,Kings XI Punjab,field,Kings XI Punjab,wickets,9.0,125.0,13.0,N,D/L,A Deshmukh,C Shamshuddin
654,2018,Bengaluru,2018-04-21,League,AB de Villiers,M.Chinnaswamy Stadium,Delhi Daredevils,Royal Challengers Bangalore,Royal Challengers Bangalore,field,Royal Challengers Bangalore,wickets,6.0,175.0,20.0,N,normal,CB Gaffaney,CK Nandan
655,2018,Hyderabad,2018-04-22,League,AT Rayudu,Rajiv Gandhi International Stadium,Chennai Super Kings,Sunrisers Hyderabad,Sunrisers Hyderabad,field,Chennai Super Kings,runs,4.0,183.0,20.0,N,normal,AK Chaudhary,VA Kulkarni
656,2018,Jaipur,2018-04-22,League,JC Archer,Sawai Mansingh Stadium,Mumbai Indians,Rajasthan Royals,Mumbai Indians,bat,Rajasthan Royals,wickets,3.0,168.0,20.0,N,normal,KN Ananthapadmanabhan,RJ Tucker
657,2018,Delhi,2018-04-23,League,AS Rajpoot,Arun Jaitley Stadium,Kings XI Punjab,Delhi Daredevils,Delhi Daredevils,field,Kings XI Punjab,runs,4.0,144.0,20.0,N,normal,A Nand Kishore,CK Nandan
658,2018,Mumbai,2018-04-24,League,Rashid Khan,Wankhede Stadium,Sunrisers Hyderabad,Mumbai Indians,Mumbai Indians,field,Sunrisers Hyderabad,runs,31.0,119.0,20.0,N,normal,C Shamshuddin,S Ravi
659,2018,Bengaluru,2018-04-25,League,MS Dhoni,M.Chinnaswamy Stadium,Royal Challengers Bangalore,Chennai Super Kings,Chennai Super Kings,field,Chennai Super Kings,wickets,5.0,206.0,20.0,N,normal,NJ Llong,VK Sharma
660,2018,Hyderabad,2018-04-26,League,AS Rajpoot,Rajiv Gandhi International Stadium,Sunrisers Hyderabad,Kings XI Punjab,Kings XI Punjab,field,Sunrisers Hyderabad,runs,13.0,133.0,20.0,N,normal,CK Nandan,YC Barde
661,2018,Delhi,2018-04-27,League,SS Iyer,Arun Jaitley Stadium,Delhi Daredevils,Kolkata Knight Riders,Kolkata Knight Riders,field,Delhi Daredevils,runs,55.0,220.0,20.0,N,normal,C Shamshuddin,S Ravi
662,2018,Pune,2018-04-28,League,RG Sharma,Maharashtra Cricket Association Stadium,Chennai Super Kings,Mumbai Indians,Mumbai Indians,field,Mumbai Indians,wickets,8.0,170.0,20.0,N,normal,CB Gaffaney,Nitin Menon
663,2018,Jaipur,2018-04-29,League,KS Williamson,Sawai Mansingh Stadium,Sunrisers Hyderabad,Rajasthan Royals,Sunrisers Hyderabad,bat,Sunrisers Hyderabad,runs,11.0,152.0,20.0,N,normal,BNJ Oxenford,A Nand Kishore
664,2018,Bengaluru,2018-04-29,League,CA Lynn,M.Chinnaswamy Stadium,Royal Challengers Bangalore,Kolkata Knight Riders,Kolkata Knight Riders,field,Kolkata Knight Riders,wickets,6.0,176.0,20.0,N,normal,AK Chaudhary,NJ Llong
665,2018,Pune,2018-04-30,League,SR Watson,Maharashtra Cricket Association Stadium,Chennai Super Kings,Delhi Daredevils,Delhi Daredevils,field,Chennai Super Kings,runs,13.0,212.0,20.0,N,normal,AY Dandekar,C Shamshuddin
666,2018,Bengaluru,2018-05-01,League,TG Southee,M.Chinnaswamy Stadium,Royal Challengers Bangalore,Mumbai Indians,Mumbai Indians,field,Royal Challengers Bangalore,runs,14.0,168.0,20.0,N,normal,M Erasmus,Nitin Menon
667,2018,Delhi,2018-05-02,League,RR Pant,Arun Jaitley Stadium,Delhi Daredevils,Rajasthan Royals,Rajasthan Royals,field,Delhi Daredevils,runs,4.0,151.0,12.0,N,D/L,CK Nandan,VK Sharma
668,2018,Kolkata,2018-05-03,League,SP Narine,Eden Gardens,Chennai Super Kings,Kolkata Knight Riders,Kolkata Knight Riders,field,Kolkata Knight Riders,wickets,6.0,178.0,20.0,N,normal,A Deshmukh,HDPK Dharmasena
669,2018,Indore,2018-05-04,League,SA Yadav,Holkar Cricket Stadium,Kings XI Punjab,Mumbai Indians,Mumbai Indians,field,Mumbai Indians,wickets,6.0,175.0,20.0,N,normal,AY Dandekar,S Ravi
670,2018,Pune,2018-05-05,League,RA Jadeja,Maharashtra Cricket Association Stadium,Royal Challengers Bangalore,Chennai Super Kings,Chennai Super Kings,field,Chennai Super Kings,wickets,6.0,128.0,20.0,N,normal,Nitin Menon,YC Barde
671,2018,Hyderabad,2018-05-05,League,Rashid Khan,Rajiv Gandhi International Stadium,Delhi Daredevils,Sunrisers Hyderabad,Delhi Daredevils,bat,Sunrisers Hyderabad,wickets,7.0,164.0,20.0,N,normal,BNJ Oxenford,CK Nandan
672,2018,Mumbai,2018-05-06,League,HH Pandya,Wankhede Stadium,Mumbai Indians,Kolkata Knight Riders,Kolkata Knight Riders,field,Mumbai Indians,runs,13.0,182.0,20.0,N,normal,A Deshmukh,HDPK Dharmasena
673,2018,Indore,2018-05-06,League,Mujeeb Ur Rahman,Holkar Cricket Stadium,Rajasthan Royals,Kings XI Punjab,Kings XI Punjab,field,Kings XI Punjab,wickets,6.0,153.0,20.0,N,normal,C Shamshuddin,S Ravi
674,2018,Hyderabad,2018-05-07,League,KS Williamson,Rajiv Gandhi International Stadium,Sunrisers Hyderabad,Royal Challengers Bangalore,Royal Challengers Bangalore,field,Sunrisers Hyderabad,runs,5.0,147.0,20.0,N,normal,BNJ Oxenford,VK Sharma
675,2018,Jaipur,2018-05-08,League,JC Buttler,Sawai Mansingh Stadium,Rajasthan Royals,Kings XI Punjab,Rajasthan Royals,bat,Rajasthan Royals,runs,15.0,159.0,20.0,N,normal,M Erasmus,Nitin Menon
676,2018,Kolkata,2018-05-09,League,Ishan Kishan,Eden Gardens,Mumbai Indians,Kolkata Knight Riders,Kolkata Knight Riders,field,Mumbai Indians,runs,102.0,211.0,20.0,N,normal,KN Ananthapadmanabhan,AK Chaudhary
677,2018,Delhi,2018-05-10,League,S Dhawan,Arun Jaitley Stadium,Delhi Daredevils,Sunrisers Hyderabad,Delhi Daredevils,bat,Sunrisers Hyderabad,wickets,9.0,188.0,20.0,N,normal,AY Dandekar,C Shamshuddin
678,2018,Jaipur,2018-05-11,League,JC Buttler,Sawai Mansingh Stadium,Chennai Super Kings,Rajasthan Royals,Chennai Super Kings,bat,Rajasthan Royals,wickets,4.0,177.0,20.0,N,normal,M Erasmus,YC Barde
679,2018,Indore,2018-05-12,League,SP Narine,Holkar Cricket Stadium,Kolkata Knight Riders,Kings XI Punjab,Kings XI Punjab,field,Kolkata Knight Riders,runs,31.0,246.0,20.0,N,normal,CK Nandan,VK Sharma
680,2018,Delhi,2018-05-12,League,AB de Villiers,Arun Jaitley Stadium,Delhi Daredevils,Royal Challengers Bangalore,Royal Challengers Bangalore,field,Royal Challengers Bangalore,wickets,5.0,182.0,20.0,N,normal,KN Ananthapadmanabhan,HDPK Dharmasena
681,2018,Pune,2018-05-13,League,AT Rayudu,Maharashtra Cricket Association Stadium,Sunrisers Hyderabad,Chennai Super Kings,Chennai Super Kings,field,Chennai Super Kings,wickets,8.0,180.0,20.0,N,normal,M Erasmus,YC Barde
682,2018,Mumbai,2018-05-13,League,JC Buttler,Wankhede Stadium,Mumbai Indians,Rajasthan Royals,Rajasthan Royals,field,Rajasthan Royals,wickets,7.0,169.0,20.0,N,normal,Nitin Menon,S Ravi
683,2018,Indore,2018-05-14,League,UT Yadav,Holkar Cricket Stadium,Kings XI Punjab,Royal Challengers Bangalore,Royal Challengers Bangalore,field,Royal Challengers Bangalore,wickets,10.0,89.0,20.0,N,normal,BNJ Oxenford,VK Sharma
684,2018,Kolkata,2018-05-15,League,Kuldeep Yadav,Eden Gardens,Rajasthan Royals,Kolkata Knight Riders,Kolkata Knight Riders,field,Kolkata Knight Riders,wickets,6.0,143.0,20.0,N,normal,AK Chaudhary,HDPK Dharmasena
685,2018,Mumbai,2018-05-16,League,JJ Bumrah,Wankhede Stadium,Mumbai Indians,Kings XI Punjab,Kings XI Punjab,field,Mumbai Indians,runs,3.0,187.0,20.0,N,normal,M Erasmus,Nitin Menon
686,2018,Bengaluru,2018-05-17,League,AB de Villiers,M.Chinnaswamy Stadium,Royal Challengers Bangalore,Sunrisers Hyderabad,Sunrisers Hyderabad,field,Royal Challengers Bangalore,runs,14.0,219.0,20.0,N,normal,AY Dandekar,S Ravi
687,2018,Delhi,2018-05-18,League,HV Patel,Arun Jaitley Stadium,Delhi Daredevils,Chennai Super Kings,Chennai Super Kings,field,Delhi Daredevils,runs,34.0,163.0,20.0,N,normal,HDPK Dharmasena,VA Kulkarni
688,2018,Jaipur,2018-05-19,League,S Gopal,Sawai Mansingh Stadium,Rajasthan Royals,Royal Challengers Bangalore,Rajasthan Royals,bat,Rajasthan Royals,runs,30.0,165.0,20.0,N,normal,BNJ Oxenford,VK Sharma
689,2018,Hyderabad,2018-05-19,League,CA Lynn,Rajiv Gandhi International Stadium,Sunrisers Hyderabad,Kolkata Knight Riders,Sunrisers Hyderabad,bat,Kolkata Knight Riders,wickets,5.0,173.0,20.0,N,normal,AK Chaudhary,S Ravi
690,2018,Delhi,2018-05-20,League,A Mishra,Arun Jaitley Stadium,Delhi Daredevils,Mumbai Indians,Delhi Daredevils,bat,Delhi Daredevils,runs,11.0,175.0,20.0,N,normal,HDPK Dharmasena,CK Nandan
691,2018,Pune,2018-05-20,League,L Ngidi,Maharashtra Cricket Association Stadium,Kings XI Punjab,Chennai Super Kings,Chennai Super Kings,field,Chennai Super Kings,wickets,5.0,154.0,20.0,N,normal,Nitin Menon,YC Barde
692,2018,Mumbai,2018-05-22,Qualifier 1,F du Plessis,Wankhede Stadium,Sunrisers Hyderabad,Chennai Super Kings,Chennai Super Kings,field,Chennai Super Kings,wickets,2.0,140.0,20.0,N,normal,C Shamshuddin,M Erasmus
693,2018,Kolkata,2018-05-23,Eliminator,AD Russell,Eden Gardens,Kolkata Knight Riders,Rajasthan Royals,Rajasthan Royals,field,Kolkata Knight Riders,runs,25.0,170.0,20.0,N,normal,AK Chaudhary,Nitin Menon
694,2018,Kolkata,2018-05-25,Qualifier 2,Rashid Khan,Eden Gardens,Sunrisers Hyderabad,Kolkata Knight Riders,Kolkata Knight Riders,field,Sunrisers Hyderabad,runs,14.0,175.0,20.0,N,normal,HDPK Dharmasena,Nitin Menon
695,2018,Mumbai,2018-05-27,Final,SR Watson,Wankhede Stadium,Sunrisers Hyderabad,Chennai Super Kings,Chennai Super Kings,field,Chennai Super Kings,wickets,8.0,179.0,20.0,N,normal,M Erasmus,S Ravi
696,2019,Chennai,2019-03-23,League,Harbhajan Singh,MA Chidambaram Stadium,Royal Challengers Bangalore,Chennai Super Kings,Chennai Super Kings,field,Chennai Super Kings,wickets,7.0,71.0,20.0,N,normal,AY Dandekar,BNJ Oxenford
697,2019,Kolkata,2019-03-24,League,AD Russell,Eden Gardens,Sunrisers Hyderabad,Kolkata Knight Riders,Kolkata Knight Riders,field,Kolkata Knight Riders,wickets,6.0,182.0,20.0,N,normal,AK Chaudhary,CB Gaffaney
698,2019,Mumbai,2019-03-24,League,RR Pant,Wankhede Stadium,Delhi Capitals,Mumbai Indians,Mumbai Indians,field,Delhi Capitals,runs,37.0,214.0,20.0,N,normal,S Ravi,YC Barde
699,2019,Jaipur,2019-03-25,League,CH Gayle,Sawai Mansingh Stadium,Kings XI Punjab,Rajasthan Royals,Rajasthan Royals,field,Kings XI Punjab,runs,14.0,185.0,20.0,N,normal,C Shamshuddin,KN Ananthapadmanabhan
700,2019,Delhi,2019-03-26,League,SR Watson,Arun Jaitley Stadium,Delhi Capitals,Chennai Super Kings,Delhi Capitals,bat,Chennai Super Kings,wickets,6.0,148.0,20.0,N,normal,M Erasmus,Nitin Menon
701,2019,Kolkata,2019-03-27,League,AD Russell,Eden Gardens,Kolkata Knight Riders,Kings XI Punjab,Kings XI Punjab,field,Kolkata Knight Riders,runs,28.0,219.0,20.0,N,normal,AK Chaudhary,VA Kulkarni
702,2019,Bengaluru,2019-03-28,League,JJ Bumrah,M.Chinnaswamy Stadium,Mumbai Indians,Royal Challengers Bangalore,Royal Challengers Bangalore,field,Mumbai Indians,runs,6.0,188.0,20.0,N,normal,CK Nandan,S Ravi
703,2019,Hyderabad,2019-03-29,League,Rashid Khan,Rajiv Gandhi International Stadium,Rajasthan Royals,Sunrisers Hyderabad,Rajasthan Royals,bat,Sunrisers Hyderabad,wickets,5.0,199.0,20.0,N,normal,BNJ Oxenford,C Shamshuddin
704,2019,Chandigarh,2019-03-30,League,MA Agarwal,Punjab Cricket Association IS Bindra Stadium,Mumbai Indians,Kings XI Punjab,Kings XI Punjab,field,Kings XI Punjab,wickets,8.0,177.0,20.0,N,normal,CB Gaffaney,VA Kulkarni
705,2019,Delhi,2019-03-30,League,PP Shaw,Arun Jaitley Stadium,Kolkata Knight Riders,Delhi Capitals,Delhi Capitals,field,Delhi Capitals,tie,,186.0,20.0,Y,normal,AY Dandekar,Nitin Menon
706,2019,Hyderabad,2019-03-31,League,JM Bairstow,Rajiv Gandhi International Stadium,Sunrisers Hyderabad,Royal Challengers Bangalore,Royal Challengers Bangalore,field,Sunrisers Hyderabad,runs,118.0,232.0,20.0,N,normal,KN Ananthapadmanabhan,S Ravi
707,2019,Chennai,2019-03-31,League,MS Dhoni,MA Chidambaram Stadium,Chennai Super Kings,Rajasthan Royals,Rajasthan Royals,field,Chennai Super Kings,runs,8.0,176.0,20.0,N,normal,CK Nandan,YC Barde
708,2019,Chandigarh,2019-04-01,League,SM Curran,Punjab Cricket Association IS Bindra Stadium,Kings XI Punjab,Delhi Capitals,Delhi Capitals,field,Kings XI Punjab,runs,14.0,167.0,20.0,N,normal,AK Chaudhary,CB Gaffaney
709,2019,Jaipur,2019-04-02,League,S Gopal,Sawai Mansingh Stadium,Royal Challengers Bangalore,Rajasthan Royals,Rajasthan Royals,field,Rajasthan Royals,wickets,7.0,159.0,20.0,N,normal,AY Dandekar,M Erasmus
710,2019,Mumbai,2019-04-03,League,HH Pandya,Wankhede Stadium,Mumbai Indians,Chennai Super Kings,Chennai Super Kings,field,Mumbai Indians,runs,37.0,171.0,20.0,N,normal,BNJ Oxenford,RJ Tucker
711,2019,Delhi,2019-04-04,League,JM Bairstow,Arun Jaitley Stadium,Delhi Capitals,Sunrisers Hyderabad,Sunrisers Hyderabad,field,Sunrisers Hyderabad,wickets,5.0,130.0,20.0,N,normal,C Shamshuddin,KN Ananthapadmanabhan
712,2019,Bengaluru,2019-04-05,League,AD Russell,M.Chinnaswamy Stadium,Royal Challengers Bangalore,Kolkata Knight Riders,Kolkata Knight Riders,field,Kolkata Knight Riders,wickets,5.0,206.0,20.0,N,normal,AK Chaudhary,CB Gaffaney
713,2019,Chennai,2019-04-06,League,Harbhajan Singh,MA Chidambaram Stadium,Chennai Super Kings,Kings XI Punjab,Chennai Super Kings,bat,Chennai Super Kings,runs,22.0,161.0,20.0,N,normal,KN Ananthapadmanabhan,RJ Tucker
714,2019,Hyderabad,2019-04-06,League,AS Joseph,Rajiv Gandhi International Stadium,Mumbai Indians,Sunrisers Hyderabad,Sunrisers Hyderabad,field,Mumbai Indians,runs,40.0,137.0,20.0,N,normal,AY Dandekar,Nitin Menon
715,2019,Bengaluru,2019-04-07,League,K Rabada,M.Chinnaswamy Stadium,Royal Challengers Bangalore,Delhi Capitals,Delhi Capitals,field,Delhi Capitals,wickets,4.0,150.0,20.0,N,normal,S Ravi,YC Barde
716,2019,Jaipur,2019-04-07,League,HF Gurney,Sawai Mansingh Stadium,Rajasthan Royals,Kolkata Knight Riders,Kolkata Knight Riders,field,Kolkata Knight Riders,wickets,8.0,140.0,20.0,N,normal,AK Chaudhary,CB Gaffaney
717,2019,Chandigarh,2019-04-08,League,KL Rahul,Punjab Cricket Association IS Bindra Stadium,Sunrisers Hyderabad,Kings XI Punjab,Kings XI Punjab,field,Kings XI Punjab,wickets,6.0,151.0,20.0,N,normal,AY Dandekar,M Erasmus
718,2019,Chennai,2019-04-09,League,DL Chahar,MA Chidambaram Stadium,Kolkata Knight Riders,Chennai Super Kings,Chennai Super Kings,field,Chennai Super Kings,wickets,7.0,109.0,20.0,N,normal,C Shamshuddin,RJ Tucker
719,2019,Mumbai,2019-04-10,League,KA Pollard,Wankhede Stadium,Kings XI Punjab,Mumbai Indians,Mumbai Indians,field,Mumbai Indians,wickets,3.0,198.0,20.0,N,normal,S Ravi,YC Barde
720,2019,Jaipur,2019-04-11,League,MS Dhoni,Sawai Mansingh Stadium,Rajasthan Royals,Chennai Super Kings,Chennai Super Kings,field,Chennai Super Kings,wickets,4.0,152.0,20.0,N,normal,BNJ Oxenford,UV Gandhe
721,2019,Kolkata,2019-04-12,League,S Dhawan,Eden Gardens,Kolkata Knight Riders,Delhi Capitals,Delhi Capitals,field,Delhi Capitals,wickets,7.0,179.0,20.0,N,normal,CK Nandan,YC Barde
722,2019,Mumbai,2019-04-13,League,JC Buttler,Wankhede Stadium,Mumbai Indians,Rajasthan Royals,Rajasthan Royals,field,Rajasthan Royals,wickets,4.0,188.0,20.0,N,normal,A Nand Kishore,Nitin Menon
723,2019,Chandigarh,2019-04-13,League,AB de Villiers,Punjab Cricket Association IS Bindra Stadium,Kings XI Punjab,Royal Challengers Bangalore,Royal Challengers Bangalore,field,Royal Challengers Bangalore,wickets,8.0,174.0,20.0,N,normal,S Ravi,UV Gandhe
724,2019,Kolkata,2019-04-14,League,Imran Tahir,Eden Gardens,Kolkata Knight Riders,Chennai Super Kings,Chennai Super Kings,field,Chennai Super Kings,wickets,5.0,162.0,20.0,N,normal,CK Nandan,RJ Tucker
725,2019,Hyderabad,2019-04-14,League,KMA Paul,Rajiv Gandhi International Stadium,Delhi Capitals,Sunrisers Hyderabad,Sunrisers Hyderabad,field,Delhi Capitals,runs,39.0,156.0,20.0,N,normal,AK Chaudhary,BNJ Oxenford
726,2019,Mumbai,2019-04-15,League,SL Malinga,Wankhede Stadium,Royal Challengers Bangalore,Mumbai Indians,Mumbai Indians,field,Mumbai Indians,wickets,5.0,172.0,20.0,N,normal,M Erasmus,Nitin Menon
727,2019,Chandigarh,2019-04-16,League,R Ashwin,Punjab Cricket Association IS Bindra Stadium,Kings XI Punjab,Rajasthan Royals,Rajasthan Royals,field,Kings XI Punjab,runs,12.0,183.0,20.0,N,normal,AK Chaudhary,VA Kulkarni
728,2019,Hyderabad,2019-04-17,League,DA Warner,Rajiv Gandhi International Stadium,Chennai Super Kings,Sunrisers Hyderabad,Chennai Super Kings,bat,Sunrisers Hyderabad,wickets,6.0,133.0,20.0,N,normal,IJ Gould,UV Gandhe
729,2019,Delhi,2019-04-18,League,HH Pandya,Arun Jaitley Stadium,Mumbai Indians,Delhi Capitals,Mumbai Indians,bat,Mumbai Indians,runs,40.0,169.0,20.0,N,normal,BNJ Oxenford,NJ Llong
730,2019,Kolkata,2019-04-19,League,V Kohli,Eden Gardens,Royal Challengers Bangalore,Kolkata Knight Riders,Kolkata Knight Riders,field,Royal Challengers Bangalore,runs,10.0,214.0,20.0,N,normal,IJ Gould,Nitin Menon
731,2019,Jaipur,2019-04-20,League,SPD Smith,Sawai Mansingh Stadium,Mumbai Indians,Rajasthan Royals,Rajasthan Royals,field,Rajasthan Royals,wickets,5.0,162.0,20.0,N,normal,S Ravi,YC Barde
732,2019,Delhi,2019-04-20,League,SS Iyer,Arun Jaitley Stadium,Kings XI Punjab,Delhi Capitals,Delhi Capitals,field,Delhi Capitals,wickets,5.0,164.0,20.0,N,normal,C Shamshuddin,UV Gandhe
733,2019,Hyderabad,2019-04-21,League,KK Ahmed,Rajiv Gandhi International Stadium,Kolkata Knight Riders,Sunrisers Hyderabad,Sunrisers Hyderabad,field,Sunrisers Hyderabad,wickets,9.0,160.0,20.0,N,normal,NJ Llong,Nitin Menon
734,2019,Bengaluru,2019-04-21,League,PA Patel,M.Chinnaswamy Stadium,Royal Challengers Bangalore,Chennai Super Kings,Chennai Super Kings,field,Royal Challengers Bangalore,runs,1.0,162.0,20.0,N,normal,RJ Tucker,VA Kulkarni
735,2019,Jaipur,2019-04-22,League,RR Pant,Sawai Mansingh Stadium,Rajasthan Royals,Delhi Capitals,Delhi Capitals,field,Delhi Capitals,wickets,6.0,192.0,20.0,N,normal,A Nand Kishore,S Ravi
736,2019,Chennai,2019-04-23,League,SR Watson,MA Chidambaram Stadium,Sunrisers Hyderabad,Chennai Super Kings,Chennai Super Kings,field,Chennai Super Kings,wickets,6.0,176.0,20.0,N,normal,AK Chaudhary,NJ Llong
737,2019,Bengaluru,2019-04-24,League,AB de Villiers,M.Chinnaswamy Stadium,Royal Challengers Bangalore,Kings XI Punjab,Kings XI Punjab,field,Royal Challengers Bangalore,runs,17.0,203.0,20.0,N,normal,BNJ Oxenford,C Shamshuddin
738,2019,Kolkata,2019-04-25,League,VR Aaron,Eden Gardens,Kolkata Knight Riders,Rajasthan Royals,Rajasthan Royals,field,Rajasthan Royals,wickets,3.0,176.0,20.0,N,normal,AY Dandekar,IJ Gould
739,2019,Chennai,2019-04-26,League,RG Sharma,MA Chidambaram Stadium,Mumbai Indians,Chennai Super Kings,Chennai Super Kings,field,Mumbai Indians,runs,46.0,156.0,20.0,N,normal,AK Chaudhary,NJ Llong
740,2019,Jaipur,2019-04-27,League,JD Unadkat,Sawai Mansingh Stadium,Sunrisers Hyderabad,Rajasthan Royals,Rajasthan Royals,field,Rajasthan Royals,wickets,7.0,161.0,20.0,N,normal,A Nand Kishore,YC Barde
741,2019,Delhi,2019-04-28,League,S Dhawan,Arun Jaitley Stadium,Delhi Capitals,Royal Challengers Bangalore,Delhi Capitals,bat,Delhi Capitals,runs,16.0,188.0,20.0,N,normal,BNJ Oxenford,KN Ananthapadmanabhan
742,2019,Kolkata,2019-04-28,League,AD Russell,Eden Gardens,Kolkata Knight Riders,Mumbai Indians,Mumbai Indians,field,Kolkata Knight Riders,runs,34.0,233.0,20.0,N,normal,IJ Gould,Nitin Menon
743,2019,Hyderabad,2019-04-29,League,DA Warner,Rajiv Gandhi International Stadium,Sunrisers Hyderabad,Kings XI Punjab,Kings XI Punjab,field,Sunrisers Hyderabad,runs,45.0,213.0,20.0,N,normal,CK Nandan,S Ravi
744,2019,Bengaluru,2019-04-30,League,no awardee,M.Chinnaswamy Stadium,Royal Challengers Bangalore,Rajasthan Royals,Rajasthan Royals,field,no winner,no result,,63.0,5.0,N,normal,NJ Llong,UV Gandhe
745,2019,Chennai,2019-05-01,League,MS Dhoni,MA Chidambaram Stadium,Chennai Super Kings,Delhi Capitals,Delhi Capitals,field,Chennai Super Kings,runs,80.0,180.0,20.0,N,normal,AY Dandekar,Nitin Menon
746,2019,Mumbai,2019-05-02,League,JJ Bumrah,Wankhede Stadium,Mumbai Indians,Sunrisers Hyderabad,Mumbai Indians,bat,Mumbai Indians,tie,,163.0,20.0,Y,normal,CK Nandan,S Ravi
747,2019,Chandigarh,2019-05-03,League,Shubman Gill,Punjab Cricket Association IS Bindra Stadium,Kings XI Punjab,Kolkata Knight Riders,Kolkata Knight Riders,field,Kolkata Knight Riders,wickets,7.0,184.0,20.0,N,normal,BNJ Oxenford,C Shamshuddin
748,2019,Delhi,2019-05-04,League,A Mishra,Arun Jaitley Stadium,Rajasthan Royals,Delhi Capitals,Rajasthan Royals,bat,Delhi Capitals,wickets,5.0,116.0,20.0,N,normal,AY Dandekar,IJ Gould
749,2019,Bengaluru,2019-05-04,League,SO Hetmyer,M.Chinnaswamy Stadium,Sunrisers Hyderabad,Royal Challengers Bangalore,Royal Challengers Bangalore,field,Royal Challengers Bangalore,wickets,4.0,176.0,20.0,N,normal,AK Chaudhary,NJ Llong
750,2019,Chandigarh,2019-05-05,League,KL Rahul,Punjab Cricket Association IS Bindra Stadium,Chennai Super Kings,Kings XI Punjab,Kings XI Punjab,field,Kings XI Punjab,wickets,6.0,171.0,20.0,N,normal,C Shamshuddin,KN Ananthapadmanabhan
751,2019,Mumbai,2019-05-05,League,HH Pandya,Wankhede Stadium,Kolkata Knight Riders,Mumbai Indians,Mumbai Indians,field,Mumbai Indians,wickets,9.0,134.0,20.0,N,normal,A Nand Kishore,CK Nandan
752,2019,Chennai,2019-05-07,Qualifier 1,SA Yadav,MA Chidambaram Stadium,Chennai Super Kings,Mumbai Indians,Chennai Super Kings,bat,Mumbai Indians,wickets,6.0,132.0,20.0,N,normal,NJ Llong,Nitin Menon
753,2019,Visakhapatnam,2019-05-08,Eliminator,RR Pant,Dr. Y.S. Rajasekhara Reddy ACA-VDCA Cricket Stadium,Sunrisers Hyderabad,Delhi Capitals,Delhi Capitals,field,Delhi Capitals,wickets,2.0,163.0,20.0,N,normal,BNJ Oxenford,S Ravi
754,2019,Visakhapatnam,2019-05-10,Qualifier 2,F du Plessis,Dr. Y.S. Rajasekhara Reddy ACA-VDCA Cricket Stadium,Delhi Capitals,Chennai Super Kings,Chennai Super Kings,field,Chennai Super Kings,wickets,6.0,148.0,20.0,N,normal,BNJ Oxenford,S Ravi
755,2019,Hyderabad,2019-05-12,Final,JJ Bumrah,Rajiv Gandhi International Stadium,Mumbai Indians,Chennai Super Kings,Mumbai Indians,bat,Mumbai Indians,runs,1.0,150.0,20.0,N,normal,IJ Gould,Nitin Menon
756,2020,Abu Dhabi,2020-09-19,League,AT Rayudu,Sheikh Zayed Stadium,Mumbai Indians,Chennai Super Kings,Chennai Super Kings,field,Chennai Super Kings,wickets,5.0,163.0,20.0,N,normal,CB Gaffaney,VK Sharma
757,2020,Dubai,2020-09-20,League,MP Stoinis,Dubai International Cricket Stadium,Delhi Capitals,Kings XI Punjab,Kings XI Punjab,field,Delhi Capitals,tie,,158.0,20.0,Y,normal,AK Chaudhary,Nitin Menon
758,2020,Dubai,2020-09-21,League,YS Chahal,Dubai International Cricket Stadium,Royal Challengers Bangalore,Sunrisers Hyderabad,Sunrisers Hyderabad,field,Royal Challengers Bangalore,runs,10.0,164.0,20.0,N,normal,AY Dandekar,Nitin Menon
759,2020,Sharjah,2020-09-22,League,SV Samson,Sharjah Cricket Stadium,Rajasthan Royals,Chennai Super Kings,Chennai Super Kings,field,Rajasthan Royals,runs,16.0,217.0,20.0,N,normal,C Shamshuddin,VA Kulkarni
760,2020,Abu Dhabi,2020-09-23,League,RG Sharma,Sheikh Zayed Stadium,Mumbai Indians,Kolkata Knight Riders,Kolkata Knight Riders,field,Mumbai Indians,runs,49.0,196.0,20.0,N,normal,CB Gaffaney,S Ravi
761,2020,Dubai,2020-09-24,League,KL Rahul,Dubai International Cricket Stadium,Kings XI Punjab,Royal Challengers Bangalore,Royal Challengers Bangalore,field,Kings XI Punjab,runs,97.0,207.0,20.0,N,normal,AK Chaudhary,PR Reiffel
762,2020,Dubai,2020-09-25,League,PP Shaw,Dubai International Cricket Stadium,Delhi Capitals,Chennai Super Kings,Chennai Super Kings,field,Delhi Capitals,runs,44.0,176.0,20.0,N,normal,KN Ananthapadmanabhan,RK Illingworth
763,2020,Abu Dhabi,2020-09-26,League,Shubman Gill,Sheikh Zayed Stadium,Sunrisers Hyderabad,Kolkata Knight Riders,Sunrisers Hyderabad,bat,Kolkata Knight Riders,wickets,7.0,143.0,20.0,N,normal,CB Gaffaney,VK Sharma
764,2020,Sharjah,2020-09-27,League,SV Samson,Sharjah Cricket Stadium,Kings XI Punjab,Rajasthan Royals,Rajasthan Royals,field,Rajasthan Royals,wickets,4.0,224.0,20.0,N,normal,RK Illingworth,K Srinivasan
765,2020,Dubai,2020-09-28,League,AB de Villiers,Dubai International Cricket Stadium,Royal Challengers Bangalore,Mumbai Indians,Mumbai Indians,field,Royal Challengers Bangalore,tie,,202.0,20.0,Y,normal,Nitin Menon,PR Reiffel
766,2020,Abu Dhabi,2020-09-29,League,Rashid Khan,Sheikh Zayed Stadium,Sunrisers Hyderabad,Delhi Capitals,Delhi Capitals,field,Sunrisers Hyderabad,runs,15.0,163.0,20.0,N,normal,VK Sharma,S Ravi
767,2020,Dubai,2020-09-30,League,Shivam Mavi,Dubai International Cricket Stadium,Kolkata Knight Riders,Rajasthan Royals,Rajasthan Royals,field,Kolkata Knight Riders,runs,37.0,175.0,20.0,N,normal,KN Ananthapadmanabhan,C Shamshuddin
768,2020,Abu Dhabi,2020-10-01,League,KA Pollard,Sheikh Zayed Stadium,Mumbai Indians,Kings XI Punjab,Kings XI Punjab,field,Mumbai Indians,runs,48.0,192.0,20.0,N,normal,VK Sharma,S Ravi
769,2020,Dubai,2020-10-02,League,PK Garg,Dubai International Cricket Stadium,Sunrisers Hyderabad,Chennai Super Kings,Sunrisers Hyderabad,bat,Sunrisers Hyderabad,runs,7.0,165.0,20.0,N,normal,AK Chaudhary,PR Reiffel
770,2020,Abu Dhabi,2020-10-03,League,YS Chahal,Sheikh Zayed Stadium,Rajasthan Royals,Royal Challengers Bangalore,Rajasthan Royals,bat,Royal Challengers Bangalore,wickets,8.0,155.0,20.0,N,normal,CB Gaffaney,S Ravi
771,2020,Sharjah,2020-10-03,League,SS Iyer,Sharjah Cricket Stadium,Delhi Capitals,Kolkata Knight Riders,Kolkata Knight Riders,field,Delhi Capitals,runs,18.0,229.0,20.0,N,normal,VA Kulkarni,RK Illingworth
772,2020,Dubai,2020-10-04,League,SR Watson,Dubai International Cricket Stadium,Kings XI Punjab,Chennai Super Kings,Kings XI Punjab,bat,Chennai Super Kings,wickets,10.0,179.0,20.0,N,normal,AY Dandekar,Nitin Menon
773,2020,Sharjah,2020-10-04,League,TA Boult,Sharjah Cricket Stadium,Mumbai Indians,Sunrisers Hyderabad,Mumbai Indians,bat,Mumbai Indians,runs,34.0,209.0,20.0,N,normal,KN Ananthapadmanabhan,RK Illingworth
774,2020,Dubai,2020-10-05,League,AR Patel,Dubai International Cricket Stadium,Delhi Capitals,Royal Challengers Bangalore,Royal Challengers Bangalore,field,Delhi Capitals,runs,59.0,197.0,20.0,N,normal,Nitin Menon,YC Barde
775,2020,Abu Dhabi,2020-10-06,League,SA Yadav,Sheikh Zayed Stadium,Mumbai Indians,Rajasthan Royals,Mumbai Indians,bat,Mumbai Indians,runs,57.0,194.0,20.0,N,normal,VK Sharma,S Ravi
776,2020,Abu Dhabi,2020-10-07,League,RA Tripathi,Sheikh Zayed Stadium,Kolkata Knight Riders,Chennai Super Kings,Kolkata Knight Riders,bat,Kolkata Knight Riders,runs,10.0,168.0,20.0,N,normal,KN Ananthapadmanabhan,RK Illingworth
777,2020,Dubai,2020-10-08,League,JM Bairstow,Dubai International Cricket Stadium,Sunrisers Hyderabad,Kings XI Punjab,Sunrisers Hyderabad,bat,Sunrisers Hyderabad,runs,69.0,202.0,20.0,N,normal,AK Chaudhary,Nitin Menon
778,2020,Sharjah,2020-10-09,League,R Ashwin,Sharjah Cricket Stadium,Delhi Capitals,Rajasthan Royals,Rajasthan Royals,field,Delhi Capitals,runs,46.0,185.0,20.0,N,normal,KN Ananthapadmanabhan,C Shamshuddin
779,2020,Abu Dhabi,2020-10-10,League,KD Karthik,Sheikh Zayed Stadium,Kolkata Knight Riders,Kings XI Punjab,Kolkata Knight Riders,bat,Kolkata Knight Riders,runs,2.0,165.0,20.0,N,normal,UV Gandhe,CB Gaffaney
780,2020,Dubai,2020-10-10,League,V Kohli,Dubai International Cricket Stadium,Royal Challengers Bangalore,Chennai Super Kings,Royal Challengers Bangalore,bat,Royal Challengers Bangalore,runs,37.0,170.0,20.0,N,normal,AK Chaudhary,PR Reiffel
781,2020,Dubai,2020-10-11,League,R Tewatia,Dubai International Cricket Stadium,Sunrisers Hyderabad,Rajasthan Royals,Sunrisers Hyderabad,bat,Rajasthan Royals,wickets,5.0,159.0,20.0,N,normal,YC Barde,PR Reiffel
782,2020,Abu Dhabi,2020-10-11,League,Q de Kock,Sheikh Zayed Stadium,Delhi Capitals,Mumbai Indians,Delhi Capitals,bat,Mumbai Indians,wickets,5.0,163.0,20.0,N,normal,CB Gaffaney,S Ravi
783,2020,Sharjah,2020-10-12,League,AB de Villiers,Sharjah Cricket Stadium,Royal Challengers Bangalore,Kolkata Knight Riders,Royal Challengers Bangalore,bat,Royal Challengers Bangalore,runs,82.0,195.0,20.0,N,normal,RK Illingworth,K Srinivasan
784,2020,Dubai,2020-10-13,League,RA Jadeja,Dubai International Cricket Stadium,Chennai Super Kings,Sunrisers Hyderabad,Chennai Super Kings,bat,Chennai Super Kings,runs,20.0,168.0,20.0,N,normal,AK Chaudhary,PR Reiffel
785,2020,Dubai,2020-10-14,League,A Nortje,Dubai International Cricket Stadium,Delhi Capitals,Rajasthan Royals,Delhi Capitals,bat,Delhi Capitals,runs,13.0,162.0,20.0,N,normal,AK Chaudhary,Nitin Menon
786,2020,Sharjah,2020-10-15,League,KL Rahul,Sharjah Cricket Stadium,Royal Challengers Bangalore,Kings XI Punjab,Royal Challengers Bangalore,bat,Kings XI Punjab,wickets,8.0,172.0,20.0,N,normal,KN Ananthapadmanabhan,C Shamshuddin
787,2020,Abu Dhabi,2020-10-16,League,Q de Kock,Sheikh Zayed Stadium,Kolkata Knight Riders,Mumbai Indians,Kolkata Knight Riders,bat,Mumbai Indians,wickets,8.0,149.0,20.0,N,normal,CB Gaffaney,VK Sharma
788,2020,Sharjah,2020-10-17,League,S Dhawan,Sharjah Cricket Stadium,Chennai Super Kings,Delhi Capitals,Chennai Super Kings,bat,Delhi Capitals,wickets,5.0,180.0,20.0,N,normal,KN Ananthapadmanabhan,RK Illingworth
789,2020,Dubai,2020-10-17,League,AB de Villiers,Dubai International Cricket Stadium,Rajasthan Royals,Royal Challengers Bangalore,Rajasthan Royals,bat,Royal Challengers Bangalore,wickets,7.0,178.0,20.0,N,normal,AK Chaudhary,Nitin Menon
790,2020,Abu Dhabi,2020-10-18,League,LH Ferguson,Sheikh Zayed Stadium,Kolkata Knight Riders,Sunrisers Hyderabad,Sunrisers Hyderabad,field,Kolkata Knight Riders,tie,,164.0,20.0,Y,normal,PG Pathak,S Ravi
791,2020,Dubai,2020-10-18,League,KL Rahul,Dubai International Cricket Stadium,Mumbai Indians,Kings XI Punjab,Mumbai Indians,bat,Kings XI Punjab,tie,,177.0,20.0,Y,normal,Nitin Menon,PR Reiffel
792,2020,Abu Dhabi,2020-10-19,League,JC Buttler,Sheikh Zayed Stadium,Chennai Super Kings,Rajasthan Royals,Chennai Super Kings,bat,Rajasthan Royals,wickets,7.0,126.0,20.0,N,normal,CB Gaffaney,VK Sharma
793,2020,Dubai,2020-10-20,League,S Dhawan,Dubai International Cricket Stadium,Delhi Capitals,Kings XI Punjab,Delhi Capitals,bat,Kings XI Punjab,wickets,5.0,165.0,20.0,N,normal,C Shamshuddin,RK Illingworth
794,2020,Abu Dhabi,2020-10-21,League,Mohammed Siraj,Sheikh Zayed Stadium,Kolkata Knight Riders,Royal Challengers Bangalore,Kolkata Knight Riders,bat,Royal Challengers Bangalore,wickets,8.0,85.0,20.0,N,normal,VK Sharma,S Ravi
795,2020,Dubai,2020-10-22,League,MK Pandey,Dubai International Cricket Stadium,Rajasthan Royals,Sunrisers Hyderabad,Sunrisers Hyderabad,field,Sunrisers Hyderabad,wickets,8.0,155.0,20.0,N,normal,Nitin Menon,PR Reiffel
796,2020,Sharjah,2020-10-23,League,TA Boult,Sharjah Cricket Stadium,Chennai Super Kings,Mumbai Indians,Mumbai Indians,field,Mumbai Indians,wickets,10.0,115.0,20.0,N,normal,C Shamshuddin,VA Kulkarni
797,2020,Abu Dhabi,2020-10-24,League,CV Varun,Sheikh Zayed Stadium,Kolkata Knight Riders,Delhi Capitals,Delhi Capitals,field,Kolkata Knight Riders,runs,59.0,195.0,20.0,N,normal,CB Gaffaney,PG Pathak
798,2020,Dubai,2020-10-24,League,CJ Jordan,Dubai International Cricket Stadium,Kings XI Punjab,Sunrisers Hyderabad,Sunrisers Hyderabad,field,Kings XI Punjab,runs,12.0,127.0,20.0,N,normal,AY Dandekar,PR Reiffel
799,2020,Abu Dhabi,2020-10-25,League,BA Stokes,Sheikh Zayed Stadium,Mumbai Indians,Rajasthan Royals,Mumbai Indians,bat,Rajasthan Royals,wickets,8.0,196.0,20.0,N,normal,UV Gandhe,VK Sharma
800,2020,Dubai,2020-10-25,League,RD Gaikwad,Dubai International Cricket Stadium,Royal Challengers Bangalore,Chennai Super Kings,Royal Challengers Bangalore,bat,Chennai Super Kings,wickets,8.0,146.0,20.0,N,normal,C Shamshuddin,RK Illingworth
801,2020,Sharjah,2020-10-26,League,CH Gayle,Sharjah Cricket Stadium,Kolkata Knight Riders,Kings XI Punjab,Kings XI Punjab,field,Kings XI Punjab,wickets,8.0,150.0,20.0,N,normal,KN Ananthapadmanabhan,RK Illingworth
802,2020,Dubai,2020-10-27,League,WP Saha,Dubai International Cricket Stadium,Sunrisers Hyderabad,Delhi Capitals,Delhi Capitals,field,Sunrisers Hyderabad,runs,88.0,220.0,20.0,N,normal,AK Chaudhary,Nitin Menon
803,2020,Abu Dhabi,2020-10-28,League,SA Yadav,Sheikh Zayed Stadium,Royal Challengers Bangalore,Mumbai Indians,Mumbai Indians,field,Mumbai Indians,wickets,5.0,165.0,20.0,N,normal,UV Gandhe,CB Gaffaney
804,2020,Dubai,2020-10-29,League,RD Gaikwad,Dubai International Cricket Stadium,Kolkata Knight Riders,Chennai Super Kings,Chennai Super Kings,field,Chennai Super Kings,wickets,6.0,173.0,20.0,N,normal,C Shamshuddin,RK Illingworth
805,2020,Abu Dhabi,2020-10-30,League,BA Stokes,Sheikh Zayed Stadium,Kings XI Punjab,Rajasthan Royals,Rajasthan Royals,field,Rajasthan Royals,wickets,7.0,186.0,20.0,N,normal,CB Gaffaney,S Ravi
806,2020,Sharjah,2020-10-31,League,Sandeep Sharma,Sharjah Cricket Stadium,Royal Challengers Bangalore,Sunrisers Hyderabad,Sunrisers Hyderabad,field,Sunrisers Hyderabad,wickets,5.0,121.0,20.0,N,normal,KN Ananthapadmanabhan,K Srinivasan
807,2020,Dubai,2020-10-31,League,Ishan Kishan,Dubai International Cricket Stadium,Delhi Capitals,Mumbai Indians,Mumbai Indians,field,Mumbai Indians,wickets,9.0,111.0,20.0,N,normal,YC Barde,PR Reiffel
808,2020,Abu Dhabi,2020-11-01,League,RD Gaikwad,Sheikh Zayed Stadium,Kings XI Punjab,Chennai Super Kings,Chennai Super Kings,field,Chennai Super Kings,wickets,9.0,154.0,20.0,N,normal,PG Pathak,VK Sharma
809,2020,Dubai,2020-11-01,League,PJ Cummins,Dubai International Cricket Stadium,Kolkata Knight Riders,Rajasthan Royals,Rajasthan Royals,field,Kolkata Knight Riders,runs,60.0,192.0,20.0,N,normal,Nitin Menon,PR Reiffel
810,2020,Abu Dhabi,2020-11-02,League,A Nortje,Sheikh Zayed Stadium,Royal Challengers Bangalore,Delhi Capitals,Delhi Capitals,field,Delhi Capitals,wickets,6.0,153.0,20.0,N,normal,CB Gaffaney,S Ravi
811,2020,Sharjah,2020-11-03,League,S Nadeem,Sharjah Cricket Stadium,Mumbai Indians,Sunrisers Hyderabad,Sunrisers Hyderabad,field,Sunrisers Hyderabad,wickets,10.0,150.0,20.0,N,normal,C Shamshuddin,RK Illingworth
812,2020,Dubai,2020-11-05,Qualifier 1,JJ Bumrah,Dubai International Cricket Stadium,Mumbai Indians,Delhi Capitals,Delhi Capitals,field,Mumbai Indians,runs,57.0,201.0,20.0,N,normal,CB Gaffaney,Nitin Menon
813,2020,Abu Dhabi,2020-11-06,Eliminator,KS Williamson,Sheikh Zayed Stadium,Royal Challengers Bangalore,Sunrisers Hyderabad,Sunrisers Hyderabad,field,Sunrisers Hyderabad,wickets,6.0,132.0,20.0,N,normal,PR Reiffel,S Ravi
814,2020,Abu Dhabi,2020-11-08,Qualifier 2,MP Stoinis,Sheikh Zayed Stadium,Delhi Capitals,Sunrisers Hyderabad,Delhi Capitals,bat,Delhi Capitals,runs,17.0,190.0,20.0,N,normal,PR Reiffel,S Ravi
815,2020,Dubai,2020-11-10,Final,TA Boult,Dubai International Cricket Stadium,Delhi Capitals,Mumbai Indians,Delhi Capitals,bat,Mumbai Indians,wickets,5.0,157.0,20.0,N,normal,CB Gaffaney,Nitin Menon
816,2021,Chennai,2021-04-09,League,HV Patel,"MA Chidambaram Stadium, Chepauk, Chennai",Mumbai Indians,Royal Challengers Bangalore,Royal Challengers Bangalore,field,Royal Challengers Bangalore,wickets,2.0,160.0,20.0,N,normal,KN Ananthapadmanabhan,Nitin Menon
817,2021,Mumbai,2021-04-10,League,S Dhawan,"Wankhede Stadium, Mumbai",Chennai Super Kings,Delhi Capitals,Delhi Capitals,field,Delhi Capitals,wickets,7.0,189.0,20.0,N,normal,AK Chaudhary,VK Sharma
818,2021,Chennai,2021-04-11,League,N Rana,"MA Chidambaram Stadium, Chepauk, Chennai",Kolkata Knight Riders,Sunrisers Hyderabad,Sunrisers Hyderabad,field,Kolkata Knight Riders,runs,10.0,188.0,20.0,N,normal,KN Ananthapadmanabhan,Nitin Menon
819,2021,Mumbai,2021-04-12,League,SV Samson,"Wankhede Stadium, Mumbai",Punjab Kings,Rajasthan Royals,Rajasthan Royals,field,Punjab Kings,runs,4.0,222.0,20.0,N,normal,AK Chaudhary,S Ravi
820,2021,Chennai,2021-04-13,League,RD Chahar,"MA Chidambaram Stadium, Chepauk, Chennai",Mumbai Indians,Kolkata Knight Riders,Kolkata Knight Riders,field,Mumbai Indians,runs,10.0,153.0,20.0,N,normal,C Shamshuddin,CB Gaffaney
821,2021,Chennai,2021-04-14,League,GJ Maxwell,"MA Chidambaram Stadium, Chepauk, Chennai",Royal Challengers Bangalore,Sunrisers Hyderabad,Sunrisers Hyderabad,field,Royal Challengers Bangalore,runs,6.0,150.0,20.0,N,normal,Nitin Menon,UV Gandhe
822,2021,Mumbai,2021-04-15,League,JD Unadkat,"Wankhede Stadium, Mumbai",Delhi Capitals,Rajasthan Royals,Rajasthan Royals,field,Rajasthan Royals,wickets,3.0,148.0,20.0,N,normal,S Ravi,VK Sharma
823,2021,Mumbai,2021-04-16,League,DL Chahar,"Wankhede Stadium, Mumbai",Punjab Kings,Chennai Super Kings,Chennai Super Kings,field,Chennai Super Kings,wickets,6.0,107.0,20.0,N,normal,AK Chaudhary,AY Dandekar
824,2021,Chennai,2021-04-17,League,KA Pollard,"MA Chidambaram Stadium, Chepauk, Chennai",Mumbai Indians,Sunrisers Hyderabad,Mumbai Indians,bat,Mumbai Indians,runs,13.0,151.0,20.0,N,normal,CB Gaffaney,K Srinivasan
825,2021,Chennai,2021-04-18,League,AB de Villiers,"MA Chidambaram Stadium, Chepauk, Chennai",Royal Challengers Bangalore,Kolkata Knight Riders,Royal Challengers Bangalore,bat,Royal Challengers Bangalore,runs,38.0,205.0,20.0,N,normal,C Shamshuddin,Nitin Menon
826,2021,Mumbai,2021-04-18,League,S Dhawan,"Wankhede Stadium, Mumbai",Punjab Kings,Delhi Capitals,Delhi Capitals,field,Delhi Capitals,wickets,6.0,196.0,20.0,N,normal,AK Chaudhary,PR Reiffel
827,2021,Mumbai,2021-04-19,League,MM Ali,"Wankhede Stadium, Mumbai",Chennai Super Kings,Rajasthan Royals,Rajasthan Royals,field,Chennai Super Kings,runs,45.0,189.0,20.0,N,normal,PR Reiffel,VK Sharma
828,2021,Chennai,2021-04-20,League,A Mishra,"MA Chidambaram Stadium, Chepauk, Chennai",Mumbai Indians,Delhi Capitals,Mumbai Indians,bat,Delhi Capitals,wickets,6.0,138.0,20.0,N,normal,C Shamshuddin,CB Gaffaney
829,2021,Chennai,2021-04-21,League,JM Bairstow,"MA Chidambaram Stadium, Chepauk, Chennai",Punjab Kings,Sunrisers Hyderabad,Punjab Kings,bat,Sunrisers Hyderabad,wickets,9.0,121.0,20.0,N,normal,K Srinivasan,Nitin Menon
830,2021,Mumbai,2021-04-21,League,F du Plessis,"Wankhede Stadium, Mumbai",Chennai Super Kings,Kolkata Knight Riders,Kolkata Knight Riders,field,Chennai Super Kings,runs,18.0,221.0,20.0,N,normal,AY Dandekar,PR Reiffel
831,2021,Mumbai,2021-04-22,League,D Padikkal,"Wankhede Stadium, Mumbai",Rajasthan Royals,Royal Challengers Bangalore,Royal Challengers Bangalore,field,Royal Challengers Bangalore,wickets,10.0,178.0,20.0,N,normal,J Madanagopal,S Ravi
832,2021,Chennai,2021-04-23,League,KL Rahul,"MA Chidambaram Stadium, Chepauk, Chennai",Mumbai Indians,Punjab Kings,Punjab Kings,field,Punjab Kings,wickets,9.0,132.0,20.0,N,normal,C Shamshuddin,Nitin Menon
833,2021,Mumbai,2021-04-24,League,CH Morris,"Wankhede Stadium, Mumbai",Kolkata Knight Riders,Rajasthan Royals,Rajasthan Royals,field,Rajasthan Royals,wickets,6.0,134.0,20.0,N,normal,Navdeep Singh,S Ravi
834,2021,Mumbai,2021-04-25,League,RA Jadeja,"Wankhede Stadium, Mumbai",Chennai Super Kings,Royal Challengers Bangalore,Chennai Super Kings,bat,Chennai Super Kings,runs,69.0,192.0,20.0,N,normal,AK Chaudhary,VK Sharma
835,2021,Chennai,2021-04-25,League,PP Shaw,"MA Chidambaram Stadium, Chepauk, Chennai",Delhi Capitals,Sunrisers Hyderabad,Delhi Capitals,bat,Delhi Capitals,tie,,160.0,20.0,Y,normal,CB Gaffaney,KN Ananthapadmanabhan
836,2021,Ahmedabad,2021-04-26,League,EJG Morgan,"Narendra Modi Stadium, Ahmedabad",Punjab Kings,Kolkata Knight Riders,Kolkata Knight Riders,field,Kolkata Knight Riders,wickets,5.0,124.0,20.0,N,normal,PR Reiffel,YC Barde
837,2021,Ahmedabad,2021-04-27,League,AB de Villiers,"Narendra Modi Stadium, Ahmedabad",Royal Challengers Bangalore,Delhi Capitals,Delhi Capitals,field,Royal Challengers Bangalore,runs,1.0,172.0,20.0,N,normal,S Ravi,VK Sharma
838,2021,Delhi,2021-04-28,League,RD Gaikwad,"Arun Jaitley Stadium, Delhi",Sunrisers Hyderabad,Chennai Super Kings,Sunrisers Hyderabad,bat,Chennai Super Kings,wickets,7.0,172.0,20.0,N,normal,C Shamshuddin,CK Nandan
839,2021,Delhi,2021-04-29,League,Q de Kock,"Arun Jaitley Stadium, Delhi",Rajasthan Royals,Mumbai Indians,Mumbai Indians,field,Mumbai Indians,wickets,7.0,172.0,20.0,N,normal,CB Gaffaney,KN Ananthapadmanabhan
840,2021,Ahmedabad,2021-04-29,League,PP Shaw,"Narendra Modi Stadium, Ahmedabad",Kolkata Knight Riders,Delhi Capitals,Delhi Capitals,field,Delhi Capitals,wickets,7.0,155.0,20.0,N,normal,AK Chaudhary,YC Barde
841,2021,Ahmedabad,2021-04-30,League,Harpreet Brar,"Narendra Modi Stadium, Ahmedabad",Punjab Kings,Royal Challengers Bangalore,Royal Challengers Bangalore,field,Punjab Kings,runs,34.0,180.0,20.0,N,normal,S Ravi,VK Sharma
842,2021,Delhi,2021-05-01,League,KA Pollard,"Arun Jaitley Stadium, Delhi",Chennai Super Kings,Mumbai Indians,Mumbai Indians,field,Mumbai Indians,wickets,4.0,219.0,20.0,N,normal,KN Ananthapadmanabhan,CK Nandan
843,2021,Delhi,2021-05-02,League,JC Buttler,"Arun Jaitley Stadium, Delhi",Rajasthan Royals,Sunrisers Hyderabad,Sunrisers Hyderabad,field,Rajasthan Royals,runs,55.0,221.0,20.0,N,normal,C Shamshuddin,CB Gaffaney
844,2021,Ahmedabad,2021-05-02,League,MA Agarwal,"Narendra Modi Stadium, Ahmedabad",Punjab Kings,Delhi Capitals,Delhi Capitals,field,Delhi Capitals,wickets,7.0,167.0,20.0,N,normal,AK Chaudhary,AY Dandekar
845,2021,Dubai,2021-09-19,League,RD Gaikwad,Dubai International Cricket Stadium,Chennai Super Kings,Mumbai Indians,Chennai Super Kings,bat,Chennai Super Kings,runs,20.0,157.0,20.0,N,normal,Nitin Menon,RK Illingworth
846,2021,Abu Dhabi,2021-09-20,League,CV Varun,"Zayed Cricket Stadium, Abu Dhabi",Royal Challengers Bangalore,Kolkata Knight Riders,Royal Challengers Bangalore,bat,Kolkata Knight Riders,wickets,9.0,93.0,20.0,N,normal,CB Gaffaney,S Ravi
847,2021,Dubai,2021-09-21,League,Kartik Tyagi,Dubai International Cricket Stadium,Rajasthan Royals,Punjab Kings,Punjab Kings,field,Rajasthan Royals,runs,2.0,186.0,20.0,N,normal,AK Chaudhary,MA Gough
848,2021,Dubai,2021-09-22,League,A Nortje,Dubai International Cricket Stadium,Sunrisers Hyderabad,Delhi Capitals,Sunrisers Hyderabad,bat,Delhi Capitals,wickets,8.0,135.0,20.0,N,normal,KN Ananthapadmanabhan,RK Illingworth
849,2021,Abu Dhabi,2021-09-23,League,SP Narine,"Zayed Cricket Stadium, Abu Dhabi",Mumbai Indians,Kolkata Knight Riders,Kolkata Knight Riders,field,Kolkata Knight Riders,wickets,7.0,156.0,20.0,N,normal,S Ravi,VK Sharma
850,2021,Sharjah,2021-09-24,League,DJ Bravo,Sharjah Cricket Stadium,Royal Challengers Bangalore,Chennai Super Kings,Chennai Super Kings,field,Chennai Super Kings,wickets,6.0,157.0,20.0,N,normal,AK Chaudhary,Nitin Menon
851,2021,Abu Dhabi,2021-09-25,League,SS Iyer,"Zayed Cricket Stadium, Abu Dhabi",Delhi Capitals,Rajasthan Royals,Rajasthan Royals,field,Delhi Capitals,runs,33.0,155.0,20.0,N,normal,CB Gaffaney,UV Gandhe
852,2021,Sharjah,2021-09-25,League,JO Holder,Sharjah Cricket Stadium,Punjab Kings,Sunrisers Hyderabad,Sunrisers Hyderabad,field,Punjab Kings,runs,5.0,126.0,20.0,N,normal,RK Illingworth,YC Barde
853,2021,Abu Dhabi,2021-09-26,League,RA Jadeja,"Zayed Cricket Stadium, Abu Dhabi",Kolkata Knight Riders,Chennai Super Kings,Kolkata Knight Riders,bat,Chennai Super Kings,wickets,2.0,172.0,20.0,N,normal,CB Gaffaney,Tapan Sharma
854,2021,Dubai,2021-09-26,League,GJ Maxwell,Dubai International Cricket Stadium,Royal Challengers Bangalore,Mumbai Indians,Mumbai Indians,field,Royal Challengers Bangalore,runs,54.0,166.0,20.0,N,normal,AK Chaudhary,MA Gough
855,2021,Dubai,2021-09-27,League,JJ Roy,Dubai International Cricket Stadium,Rajasthan Royals,Sunrisers Hyderabad,Rajasthan Royals,bat,Sunrisers Hyderabad,wickets,7.0,165.0,20.0,N,normal,KN Ananthapadmanabhan,Navdeep Singh
856,2021,Sharjah,2021-09-28,League,SP Narine,Sharjah Cricket Stadium,Delhi Capitals,Kolkata Knight Riders,Kolkata Knight Riders,field,Kolkata Knight Riders,wickets,3.0,128.0,20.0,N,normal,Nitin Menon,HAS Khalid
857,2021,Abu Dhabi,2021-09-28,League,KA Pollard,"Zayed Cricket Stadium, Abu Dhabi",Punjab Kings,Mumbai Indians,Mumbai Indians,field,Mumbai Indians,wickets,6.0,136.0,20.0,N,normal,S Ravi,VK Sharma
858,2021,Dubai,2021-09-29,League,YS Chahal,Dubai International Cricket Stadium,Rajasthan Royals,Royal Challengers Bangalore,Royal Challengers Bangalore,field,Royal Challengers Bangalore,wickets,7.0,150.0,20.0,N,normal,AY Dandekar,KN Ananthapadmanabhan
859,2021,Sharjah,2021-09-30,League,JR Hazlewood,Sharjah Cricket Stadium,Sunrisers Hyderabad,Chennai Super Kings,Chennai Super Kings,field,Chennai Super Kings,wickets,6.0,135.0,20.0,N,normal,Nitin Menon,YC Barde
860,2021,Dubai,2021-10-01,League,KL Rahul,Dubai International Cricket Stadium,Kolkata Knight Riders,Punjab Kings,Punjab Kings,field,Punjab Kings,wickets,5.0,166.0,20.0,N,normal,KN Ananthapadmanabhan,RK Illingworth
861,2021,Abu Dhabi,2021-10-02,League,RD Gaikwad,"Zayed Cricket Stadium, Abu Dhabi",Chennai Super Kings,Rajasthan Royals,Rajasthan Royals,field,Rajasthan Royals,wickets,7.0,190.0,20.0,N,normal,CB Gaffaney,VK Sharma
862,2021,Sharjah,2021-10-02,League,AR Patel,Sharjah Cricket Stadium,Mumbai Indians,Delhi Capitals,Delhi Capitals,field,Delhi Capitals,wickets,4.0,130.0,20.0,N,normal,AK Chaudhary,MA Gough
863,2021,Sharjah,2021-10-03,League,GJ Maxwell,Sharjah Cricket Stadium,Royal Challengers Bangalore,Punjab Kings,Royal Challengers Bangalore,bat,Royal Challengers Bangalore,runs,6.0,165.0,20.0,N,normal,KN Ananthapadmanabhan,RK Illingworth
864,2021,Dubai,2021-10-03,League,Shubman Gill,Dubai International Cricket Stadium,Sunrisers Hyderabad,Kolkata Knight Riders,Sunrisers Hyderabad,bat,Kolkata Knight Riders,wickets,6.0,116.0,20.0,N,normal,J Madanagopal,MA Gough
865,2021,Dubai,2021-10-04,League,AR Patel,Dubai International Cricket Stadium,Chennai Super Kings,Delhi Capitals,Delhi Capitals,field,Delhi Capitals,wickets,3.0,137.0,20.0,N,normal,AK Chaudhary,Nitin Menon
866,2021,Sharjah,2021-10-05,League,NM Coulter-Nile,Sharjah Cricket Stadium,Rajasthan Royals,Mumbai Indians,Mumbai Indians,field,Mumbai Indians,wickets,8.0,91.0,20.0,N,normal,AK Chaudhary,MA Gough
867,2021,Abu Dhabi,2021-10-06,League,KS Williamson,"Zayed Cricket Stadium, Abu Dhabi",Sunrisers Hyderabad,Royal Challengers Bangalore,Royal Challengers Bangalore,field,Sunrisers Hyderabad,runs,4.0,142.0,20.0,N,normal,S Ravi,UV Gandhe
868,2021,Dubai,2021-10-07,League,KL Rahul,Dubai International Cricket Stadium,Chennai Super Kings,Punjab Kings,Punjab Kings,field,Punjab Kings,wickets,6.0,135.0,20.0,N,normal,K Srinivasan,RK Illingworth
869,2021,Sharjah,2021-10-07,League,Shivam Mavi,Sharjah Cricket Stadium,Kolkata Knight Riders,Rajasthan Royals,Rajasthan Royals,field,Kolkata Knight Riders,runs,86.0,172.0,20.0,N,normal,MA Gough,HAS Khalid
870,2021,Abu Dhabi,2021-10-08,League,Ishan Kishan,"Zayed Cricket Stadium, Abu Dhabi",Mumbai Indians,Sunrisers Hyderabad,Mumbai Indians,bat,Mumbai Indians,runs,42.0,236.0,20.0,N,normal,Tapan Sharma,VK Sharma
871,2021,Dubai,2021-10-08,League,KS Bharat,Dubai International Cricket Stadium,Delhi Capitals,Royal Challengers Bangalore,Royal Challengers Bangalore,field,Royal Challengers Bangalore,wickets,7.0,165.0,20.0,N,normal,KN Ananthapadmanabhan,Nitin Menon
872,2021,Dubai,2021-10-10,Qualifier 1,RD Gaikwad,Dubai International Cricket Stadium,Delhi Capitals,Chennai Super Kings,Chennai Super Kings,field,Chennai Super Kings,wickets,4.0,173.0,20.0,N,normal,Nitin Menon,RK Illingworth
873,2021,Sharjah,2021-10-11,Eliminator,SP Narine,Sharjah Cricket Stadium,Royal Challengers Bangalore,Kolkata Knight Riders,Royal Challengers Bangalore,bat,Kolkata Knight Riders,wickets,4.0,139.0,20.0,N,normal,CB Gaffaney,VK Sharma
874,2021,Sharjah,2021-10-13,Qualifier 2,VR Iyer,Sharjah Cricket Stadium,Delhi Capitals,Kolkata Knight Riders,Kolkata Knight Riders,field,Kolkata Knight Riders,wickets,3.0,136.0,20.0,N,normal,KN Ananthapadmanabhan,MA Gough
875,2021,Dubai,2021-10-15,Final,F du Plessis,Dubai International Cricket Stadium,Chennai Super Kings,Kolkata Knight Riders,Kolkata Knight Riders,field,Chennai Super Kings,runs,27.0,193.0,20.0,N,normal,Nitin Menon,RK Illingworth
876,2022,Mumbai,2022-03-26,League,UT Yadav,"Wankhede Stadium, Mumbai",Chennai Super Kings,Kolkata Knight Riders,Kolkata Knight Riders,field,Kolkata Knight Riders,wickets,6.0,132.0,20.0,N,normal,AK Chaudhary,Nitin Menon
877,2022,Mumbai,2022-03-27,League,Kuldeep Yadav,"Brabourne Stadium, Mumbai",Mumbai Indians,Delhi Capitals,Delhi Capitals,field,Delhi Capitals,wickets,4.0,178.0,20.0,N,normal,RJ Tucker,HAS Khalid
878,2022,Mumbai,2022-03-27,League,OF Smith,"Dr DY Patil Sports Academy, Mumbai",Royal Challengers Bangalore,Punjab Kings,Punjab Kings,field,Punjab Kings,wickets,5.0,206.0,20.0,N,normal,Nitin Menon,YC Barde
879,2022,Mumbai,2022-03-28,League,Mohammed Shami,"Wankhede Stadium, Mumbai",Lucknow Super Giants,Gujarat Titans,Gujarat Titans,field,Gujarat Titans,wickets,5.0,159.0,20.0,N,normal,PG Pathak,VK Sharma
880,2022,Pune,2022-03-29,League,SV Samson,"Maharashtra Cricket Association Stadium, Pune",Rajasthan Royals,Sunrisers Hyderabad,Sunrisers Hyderabad,field,Rajasthan Royals,runs,61.0,211.0,20.0,N,normal,BNJ Oxenford,UV Gandhe
881,2022,Mumbai,2022-03-30,League,PWH de Silva,"Dr DY Patil Sports Academy, Mumbai",Kolkata Knight Riders,Royal Challengers Bangalore,Royal Challengers Bangalore,field,Royal Challengers Bangalore,wickets,3.0,129.0,20.0,N,normal,J Madanagopal,Navdeep Singh
882,2022,Mumbai,2022-03-31,League,E Lewis,"Brabourne Stadium, Mumbai",Chennai Super Kings,Lucknow Super Giants,Lucknow Super Giants,field,Lucknow Super Giants,wickets,6.0,211.0,20.0,N,normal,RJ Tucker,VK Sharma
883,2022,Mumbai,2022-04-01,League,UT Yadav,"Wankhede Stadium, Mumbai",Punjab Kings,Kolkata Knight Riders,Kolkata Knight Riders,field,Kolkata Knight Riders,wickets,6.0,138.0,20.0,N,normal,AK Chaudhary,HAS Khalid
884,2022,Mumbai,2022-04-02,League,JC Buttler,"Dr DY Patil Sports Academy, Mumbai",Rajasthan Royals,Mumbai Indians,Mumbai Indians,field,Rajasthan Royals,runs,23.0,194.0,20.0,N,normal,Nitin Menon,PG Pathak
885,2022,Pune,2022-04-02,League,LH Ferguson,"Maharashtra Cricket Association Stadium, Pune",Gujarat Titans,Delhi Capitals,Delhi Capitals,field,Gujarat Titans,runs,14.0,172.0,20.0,N,normal,KN Ananthapadmanabhan,UV Gandhe
886,2022,Mumbai,2022-04-03,League,LS Livingstone,"Brabourne Stadium, Mumbai",Punjab Kings,Chennai Super Kings,Chennai Super Kings,field,Punjab Kings,runs,54.0,181.0,20.0,N,normal,RJ Tucker,YC Barde
887,2022,Mumbai,2022-04-04,League,Avesh Khan,"Dr DY Patil Sports Academy, Mumbai",Lucknow Super Giants,Sunrisers Hyderabad,Sunrisers Hyderabad,field,Lucknow Super Giants,runs,12.0,170.0,20.0,N,normal,J Madanagopal,Navdeep Singh
888,2022,Mumbai,2022-04-05,League,KD Karthik,"Wankhede Stadium, Mumbai",Rajasthan Royals,Royal Challengers Bangalore,Royal Challengers Bangalore,field,Royal Challengers Bangalore,wickets,4.0,170.0,20.0,N,normal,AK Chaudhary,HAS Khalid
889,2022,Pune,2022-04-06,League,PJ Cummins,"Maharashtra Cricket Association Stadium, Pune",Mumbai Indians,Kolkata Knight Riders,Kolkata Knight Riders,field,Kolkata Knight Riders,wickets,5.0,162.0,20.0,N,normal,BNJ Oxenford,KN Ananthapadmanabhan
890,2022,Mumbai,2022-04-07,League,Q de Kock,"Dr DY Patil Sports Academy, Mumbai",Delhi Capitals,Lucknow Super Giants,Lucknow Super Giants,field,Lucknow Super Giants,wickets,6.0,150.0,20.0,N,normal,RJ Tucker,Tapan Sharma
891,2022,Mumbai,2022-04-08,League,Shubman Gill,"Brabourne Stadium, Mumbai",Punjab Kings,Gujarat Titans,Gujarat Titans,field,Gujarat Titans,wickets,6.0,190.0,20.0,N,normal,AK Chaudhary,VK Sharma
892,2022,Mumbai,2022-04-09,League,Abhishek Sharma,"Dr DY Patil Sports Academy, Mumbai",Chennai Super Kings,Sunrisers Hyderabad,Sunrisers Hyderabad,field,Sunrisers Hyderabad,wickets,8.0,155.0,20.0,N,normal,Navdeep Singh,Nitin Menon
893,2022,Pune,2022-04-09,League,Anuj Rawat,"Maharashtra Cricket Association Stadium, Pune",Mumbai Indians,Royal Challengers Bangalore,Royal Challengers Bangalore,field,Royal Challengers Bangalore,wickets,7.0,152.0,20.0,N,normal,BNJ Oxenford,KN Ananthapadmanabhan
894,2022,Mumbai,2022-04-10,League,Kuldeep Yadav,"Brabourne Stadium, Mumbai",Delhi Capitals,Kolkata Knight Riders,Kolkata Knight Riders,field,Delhi Capitals,runs,44.0,216.0,20.0,N,normal,CB Gaffaney,J Madanagopal
895,2022,Mumbai,2022-04-10,League,YS Chahal,"Wankhede Stadium, Mumbai",Rajasthan Royals,Lucknow Super Giants,Lucknow Super Giants,field,Rajasthan Royals,runs,3.0,166.0,20.0,N,normal,AK Chaudhary,Tapan Sharma
896,2022,Mumbai,2022-04-11,League,KS Williamson,"Dr DY Patil Sports Academy, Mumbai",Gujarat Titans,Sunrisers Hyderabad,Sunrisers Hyderabad,field,Sunrisers Hyderabad,wickets,8.0,163.0,20.0,N,normal,Chirra Ravikanthreddy,RJ Tucker
897,2022,Mumbai,2022-04-12,League,S Dube,"Dr DY Patil Sports Academy, Mumbai",Chennai Super Kings,Royal Challengers Bangalore,Royal Challengers Bangalore,field,Chennai Super Kings,runs,23.0,217.0,20.0,N,normal,Nitin Menon,N Pandit
898,2022,Pune,2022-04-13,League,MA Agarwal,"Maharashtra Cricket Association Stadium, Pune",Punjab Kings,Mumbai Indians,Mumbai Indians,field,Punjab Kings,runs,12.0,199.0,20.0,N,normal,BNJ Oxenford,UV Gandhe
899,2022,Mumbai,2022-04-14,League,HH Pandya,"Dr DY Patil Sports Academy, Mumbai",Gujarat Titans,Rajasthan Royals,Rajasthan Royals,field,Gujarat Titans,runs,37.0,193.0,20.0,N,normal,CB Gaffaney,R Pandit
900,2022,Mumbai,2022-04-15,League,RA Tripathi,"Brabourne Stadium, Mumbai",Kolkata Knight Riders,Sunrisers Hyderabad,Sunrisers Hyderabad,field,Sunrisers Hyderabad,wickets,7.0,176.0,20.0,N,normal,GR Sadashiv Iyer,VK Sharma
901,2022,Mumbai,2022-04-16,League,KL Rahul,"Brabourne Stadium, Mumbai",Lucknow Super Giants,Mumbai Indians,Mumbai Indians,field,Lucknow Super Giants,runs,18.0,200.0,20.0,N,normal,AK Chaudhary,NA Patwardhan
902,2022,Mumbai,2022-04-16,League,KD Karthik,"Wankhede Stadium, Mumbai",Royal Challengers Bangalore,Delhi Capitals,Delhi Capitals,field,Royal Challengers Bangalore,runs,16.0,190.0,20.0,N,normal,Chirra Ravikanthreddy,J Madanagopal
903,2022,Mumbai,2022-04-17,League,Umran Malik,"Dr DY Patil Sports Academy, Mumbai",Punjab Kings,Sunrisers Hyderabad,Sunrisers Hyderabad,field,Sunrisers Hyderabad,wickets,7.0,152.0,20.0,N,normal,PG Pathak,R Pandit
904,2022,Pune,2022-04-17,League,DA Miller,"Maharashtra Cricket Association Stadium, Pune",Chennai Super Kings,Gujarat Titans,Gujarat Titans,field,Gujarat Titans,wickets,3.0,170.0,20.0,N,normal,KN Ananthapadmanabhan,UV Gandhe
905,2022,Mumbai,2022-04-18,League,YS Chahal,"Brabourne Stadium, Mumbai",Rajasthan Royals,Kolkata Knight Riders,Kolkata Knight Riders,field,Rajasthan Royals,runs,7.0,218.0,20.0,N,normal,GR Sadashiv Iyer,VK Sharma
906,2022,Mumbai,2022-04-19,League,F du Plessis,"Dr DY Patil Sports Academy, Mumbai",Royal Challengers Bangalore,Lucknow Super Giants,Lucknow Super Giants,field,Royal Challengers Bangalore,runs,18.0,182.0,20.0,N,normal,CB Gaffaney,N Pandit
907,2022,Mumbai,2022-04-20,League,Kuldeep Yadav,"Brabourne Stadium, Mumbai",Punjab Kings,Delhi Capitals,Delhi Capitals,field,Delhi Capitals,wickets,9.0,116.0,20.0,N,normal,RJ Tucker,Tapan Sharma
908,2022,Navi Mumbai,2022-04-21,League,Mukesh Choudhary,"Dr DY Patil Sports Academy, Mumbai",Mumbai Indians,Chennai Super Kings,Chennai Super Kings,field,Chennai Super Kings,wickets,3.0,156.0,20.0,N,normal,BNJ Oxenford,UV Gandhe
909,2022,Mumbai,2022-04-22,League,JC Buttler,"Wankhede Stadium, Mumbai",Rajasthan Royals,Delhi Capitals,Delhi Capitals,field,Rajasthan Royals,runs,15.0,223.0,20.0,N,normal,NA Patwardhan,Nitin Menon
910,2022,Navi Mumbai,2022-04-23,League,Rashid Khan,"Dr DY Patil Sports Academy, Mumbai",Gujarat Titans,Kolkata Knight Riders,Gujarat Titans,bat,Gujarat Titans,runs,8.0,157.0,20.0,N,normal,KN Ananthapadmanabhan,UV Gandhe
911,2022,Mumbai,2022-04-23,League,M Jansen,"Brabourne Stadium, Mumbai",Royal Challengers Bangalore,Sunrisers Hyderabad,Sunrisers Hyderabad,field,Sunrisers Hyderabad,wickets,9.0,69.0,20.0,N,normal,Chirra Ravikanthreddy,J Madanagopal
912,2022,Mumbai,2022-04-24,League,KL Rahul,"Wankhede Stadium, Mumbai",Lucknow Super Giants,Mumbai Indians,Mumbai Indians,field,Lucknow Super Giants,runs,36.0,169.0,20.0,N,normal,M Erasmus,HAS Khalid
913,2022,Mumbai,2022-04-25,League,S Dhawan,"Wankhede Stadium, Mumbai",Punjab Kings,Chennai Super Kings,Chennai Super Kings,field,Punjab Kings,runs,11.0,188.0,20.0,N,normal,M Erasmus,Tapan Sharma
914,2022,Pune,2022-04-26,League,R Parag,"Maharashtra Cricket Association Stadium, Pune",Rajasthan Royals,Royal Challengers Bangalore,Royal Challengers Bangalore,field,Rajasthan Royals,runs,29.0,145.0,20.0,N,normal,BNJ Oxenford,KN Ananthapadmanabhan
915,2022,Mumbai,2022-04-27,League,Umran Malik,"Wankhede Stadium, Mumbai",Sunrisers Hyderabad,Gujarat Titans,Gujarat Titans,field,Gujarat Titans,wickets,5.0,196.0,20.0,N,normal,CB Gaffaney,Navdeep Singh
916,2022,Mumbai,2022-04-28,League,Kuldeep Yadav,"Wankhede Stadium, Mumbai",Kolkata Knight Riders,Delhi Capitals,Delhi Capitals,field,Delhi Capitals,wickets,4.0,147.0,20.0,N,normal,AK Chaudhary,PG Pathak
917,2022,Pune,2022-04-29,League,KH Pandya,"Maharashtra Cricket Association Stadium, Pune",Lucknow Super Giants,Punjab Kings,Punjab Kings,field,Lucknow Super Giants,runs,20.0,154.0,20.0,N,normal,MA Gough,UV Gandhe
918,2022,Mumbai,2022-04-30,League,R Tewatia,"Brabourne Stadium, Mumbai",Royal Challengers Bangalore,Gujarat Titans,Royal Challengers Bangalore,bat,Gujarat Titans,wickets,6.0,171.0,20.0,N,normal,HAS Khalid,VK Sharma
919,2022,Navi Mumbai,2022-04-30,League,SA Yadav,"Dr DY Patil Sports Academy, Mumbai",Rajasthan Royals,Mumbai Indians,Mumbai Indians,field,Mumbai Indians,wickets,5.0,159.0,20.0,N,normal,BNJ Oxenford,YC Barde
920,2022,Mumbai,2022-05-01,League,Mohsin Khan,"Wankhede Stadium, Mumbai",Lucknow Super Giants,Delhi Capitals,Lucknow Super Giants,bat,Lucknow Super Giants,runs,6.0,196.0,20.0,N,normal,Chirra Ravikanthreddy,CB Gaffaney
921,2022,Pune,2022-05-01,League,RD Gaikwad,"Maharashtra Cricket Association Stadium, Pune",Chennai Super Kings,Sunrisers Hyderabad,Sunrisers Hyderabad,field,Chennai Super Kings,runs,13.0,203.0,20.0,N,normal,AK Chaudhary,KN Ananthapadmanabhan
922,2022,Mumbai,2022-05-02,League,RK Singh,"Wankhede Stadium, Mumbai",Rajasthan Royals,Kolkata Knight Riders,Kolkata Knight Riders,field,Kolkata Knight Riders,wickets,7.0,153.0,20.0,N,normal,J Madanagopal,N Pandit
923,2022,Navi Mumbai,2022-05-03,League,K Rabada,"Dr DY Patil Sports Academy, Mumbai",Gujarat Titans,Punjab Kings,Gujarat Titans,bat,Punjab Kings,wickets,8.0,144.0,20.0,N,normal,R Pandit,VK Sharma
924,2022,Pune,2022-05-04,League,HV Patel,"Maharashtra Cricket Association Stadium, Pune",Royal Challengers Bangalore,Chennai Super Kings,Chennai Super Kings,field,Royal Challengers Bangalore,runs,13.0,174.0,20.0,N,normal,KN Ananthapadmanabhan,MA Gough
925,2022,Mumbai,2022-05-05,League,DA Warner,"Brabourne Stadium, Mumbai",Delhi Capitals,Sunrisers Hyderabad,Sunrisers Hyderabad,field,Delhi Capitals,runs,21.0,208.0,20.0,N,normal,Navdeep Singh,NA Patwardhan
926,2022,Mumbai,2022-05-06,League,TH David,"Brabourne Stadium, Mumbai",Mumbai Indians,Gujarat Titans,Gujarat Titans,field,Mumbai Indians,runs,5.0,178.0,20.0,N,normal,J Madanagopal,GR Sadashiv Iyer
927,2022,Mumbai,2022-05-07,League,YBK Jaiswal,"Wankhede Stadium, Mumbai",Punjab Kings,Rajasthan Royals,Punjab Kings,bat,Rajasthan Royals,wickets,6.0,190.0,20.0,N,normal,Chirra Ravikanthreddy,YC Barde
928,2022,Pune,2022-05-07,League,Avesh Khan,"Maharashtra Cricket Association Stadium, Pune",Lucknow Super Giants,Kolkata Knight Riders,Kolkata Knight Riders,field,Lucknow Super Giants,runs,75.0,177.0,20.0,N,normal,AK Chaudhary,MA Gough
929,2022,Mumbai,2022-05-08,League,PWH de Silva,"Wankhede Stadium, Mumbai",Royal Challengers Bangalore,Sunrisers Hyderabad,Royal Challengers Bangalore,bat,Royal Challengers Bangalore,runs,67.0,193.0,20.0,N,normal,BNJ Oxenford,N Pandit
930,2022,Navi Mumbai,2022-05-08,League,DP Conway,"Dr DY Patil Sports Academy, Mumbai",Chennai Super Kings,Delhi Capitals,Delhi Capitals,field,Chennai Super Kings,runs,91.0,209.0,20.0,N,normal,Nitin Menon,R Pandit
931,2022,Navi Mumbai,2022-05-09,League,JJ Bumrah,"Dr DY Patil Sports Academy, Mumbai",Kolkata Knight Riders,Mumbai Indians,Mumbai Indians,field,Kolkata Knight Riders,runs,52.0,166.0,20.0,N,normal,CB Gaffaney,GR Sadashiv Iyer
932,2022,Pune,2022-05-10,League,Shubman Gill,"Maharashtra Cricket Association Stadium, Pune",Gujarat Titans,Lucknow Super Giants,Gujarat Titans,bat,Gujarat Titans,runs,62.0,145.0,20.0,N,normal,KN Ananthapadmanabhan,MA Gough
933,2022,Navi Mumbai,2022-05-11,League,MR Marsh,"Dr DY Patil Sports Academy, Mumbai",Rajasthan Royals,Delhi Capitals,Delhi Capitals,field,Delhi Capitals,wickets,8.0,161.0,20.0,N,normal,NA Patwardhan,Nitin Menon
934,2022,Mumbai,2022-05-12,League,DR Sams,"Wankhede Stadium, Mumbai",Chennai Super Kings,Mumbai Indians,Mumbai Indians,field,Mumbai Indians,wickets,5.0,98.0,20.0,N,normal,Chirra Ravikanthreddy,CB Gaffaney
935,2022,Mumbai,2022-05-13,League,JM Bairstow,"Brabourne Stadium, Mumbai",Punjab Kings,Royal Challengers Bangalore,Royal Challengers Bangalore,field,Punjab Kings,runs,54.0,210.0,20.0,N,normal,J Madanagopal,N Pandit
936,2022,Pune,2022-05-14,League,AD Russell,"Maharashtra Cricket Association Stadium, Pune",Kolkata Knight Riders,Sunrisers Hyderabad,Kolkata Knight Riders,bat,Kolkata Knight Riders,runs,54.0,178.0,20.0,N,normal,AK Chaudhary,KN Ananthapadmanabhan
937,2022,Mumbai,2022-05-15,League,WP Saha,"Wankhede Stadium, Mumbai",Chennai Super Kings,Gujarat Titans,Chennai Super Kings,bat,Gujarat Titans,wickets,7.0,134.0,20.0,N,normal,R Pandit,VK Sharma
938,2022,Mumbai,2022-05-15,League,TA Boult,"Brabourne Stadium, Mumbai",Rajasthan Royals,Lucknow Super Giants,Rajasthan Royals,bat,Rajasthan Royals,runs,24.0,179.0,20.0,N,normal,PG Pathak,Tapan Sharma
939,2022,Navi Mumbai,2022-05-16,League,SN Thakur,"Dr DY Patil Sports Academy, Mumbai",Delhi Capitals,Punjab Kings,Punjab Kings,field,Delhi Capitals,runs,17.0,160.0,20.0,N,normal,GR Sadashiv Iyer,Nitin Menon
940,2022,Mumbai,2022-05-17,League,RA Tripathi,"Wankhede Stadium, Mumbai",Sunrisers Hyderabad,Mumbai Indians,Mumbai Indians,field,Sunrisers Hyderabad,runs,3.0,194.0,20.0,N,normal,CB Gaffaney,N Pandit
941,2022,Navi Mumbai,2022-05-18,League,Q de Kock,"Dr DY Patil Sports Academy, Mumbai",Lucknow Super Giants,Kolkata Knight Riders,Lucknow Super Giants,bat,Lucknow Super Giants,runs,2.0,211.0,20.0,N,normal,R Pandit,YC Barde
942,2022,Mumbai,2022-05-19,League,V Kohli,"Wankhede Stadium, Mumbai",Gujarat Titans,Royal Challengers Bangalore,Gujarat Titans,bat,Royal Challengers Bangalore,wickets,8.0,169.0,20.0,N,normal,KN Ananthapadmanabhan,GR Sadashiv Iyer
943,2022,Mumbai,2022-05-20,League,R Ashwin,"Brabourne Stadium, Mumbai",Chennai Super Kings,Rajasthan Royals,Chennai Super Kings,bat,Rajasthan Royals,wickets,5.0,151.0,20.0,N,normal,CB Gaffaney,NA Patwardhan
944,2022,Mumbai,2022-05-21,League,JJ Bumrah,"Wankhede Stadium, Mumbai",Delhi Capitals,Mumbai Indians,Mumbai Indians,field,Mumbai Indians,wickets,5.0,160.0,20.0,N,normal,Nitin Menon,Tapan Sharma
945,2022,Mumbai,2022-05-22,League,Harpreet Brar,"Wankhede Stadium, Mumbai",Sunrisers Hyderabad,Punjab Kings,Sunrisers Hyderabad,bat,Punjab Kings,wickets,5.0,158.0,20.0,N,normal,AK Chaudhary,NA Patwardhan
946,2022,Kolkata,2022-05-24,Qualifier 1,DA Miller,"Eden Gardens, Kolkata",Rajasthan Royals,Gujarat Titans,Gujarat Titans,field,Gujarat Titans,wickets,7.0,189.0,20.0,N,normal,BNJ Oxenford,VK Sharma
947,2022,Kolkata,2022-05-25,Eliminator,RM Patidar,"Eden Gardens, Kolkata",Royal Challengers Bangalore,Lucknow Super Giants,Lucknow Super Giants,field,Royal Challengers Bangalore,runs,14.0,208.0,20.0,N,normal,J Madanagopal,MA Gough
948,2022,Ahmedabad,2022-05-27,Qualifier 2,JC Buttler,"Narendra Modi Stadium, Ahmedabad",Royal Challengers Bangalore,Rajasthan Royals,Rajasthan Royals,field,Rajasthan Royals,wickets,7.0,158.0,20.0,N,normal,CB Gaffaney,Nitin Menon
949,2022,Ahmedabad,2022-05-29,Final,HH Pandya,"Narendra Modi Stadium, Ahmedabad",Rajasthan Royals,Gujarat Titans,Rajasthan Royals,bat,Gujarat Titans,wickets,7.0,131.0,20.0,N,normal,CB Gaffaney,Nitin Menon
950,2023,Ahmedabad,2023-03-31,League,Rashid Khan,"Narendra Modi Stadium, Ahmedabad",Chennai Super Kings,Gujarat Titans,Gujarat Titans,field,Gujarat Titans,wickets,5.0,179.0,20.0,N,normal,Nitin Menon,HAS Khalid
951,2023,Chandigarh,2023-04-01,League,Arshdeep Singh,"Punjab Cricket Association IS Bindra Stadium, Mohali, Chandigarh",Punjab Kings,Kolkata Knight Riders,Kolkata Knight Riders,field,Punjab Kings,runs,7.0,154.0,16.0,N,D/L,BNJ Oxenford,YC Barde
952,2023,Lucknow,2023-04-01,League,MA Wood,"Bharat Ratna Shri Atal Bihari Vajpayee Ekana Cricket Stadium, Lucknow",Lucknow Super Giants,Delhi Capitals,Delhi Capitals,field,Lucknow Super Giants,runs,50.0,194.0,20.0,N,normal,AK Chaudhary,NA Patwardhan
953,2023,Hyderabad,2023-04-02,League,JC Buttler,"Rajiv Gandhi International Stadium, Uppal, Hyderabad",Rajasthan Royals,Sunrisers Hyderabad,Sunrisers Hyderabad,field,Rajasthan Royals,runs,72.0,204.0,20.0,N,normal,KN Ananthapadmanabhan,R Pandit
954,2023,Bengaluru,2023-04-02,League,F du Plessis,"M Chinnaswamy Stadium, Bengaluru",Mumbai Indians,Royal Challengers Bangalore,Royal Challengers Bangalore,field,Royal Challengers Bangalore,wickets,8.0,172.0,20.0,N,normal,Nitin Menon,Tapan Sharma
955,2023,Chennai,2023-04-03,League,MM Ali,"MA Chidambaram Stadium, Chepauk, Chennai",Chennai Super Kings,Lucknow Super Giants,Lucknow Super Giants,field,Chennai Super Kings,runs,12.0,218.0,20.0,N,normal,A Totre,BNJ Oxenford
956,2023,Delhi,2023-04-04,League,B Sai Sudharsan,"Arun Jaitley Stadium, Delhi",Delhi Capitals,Gujarat Titans,Gujarat Titans,field,Gujarat Titans,wickets,6.0,163.0,20.0,N,normal,A Nand Kishore,GR Sadashiv Iyer
957,2023,Guwahati,2023-04-05,League,NT Ellis,"Barsapara Cricket Stadium, Guwahati",Punjab Kings,Rajasthan Royals,Rajasthan Royals,field,Punjab Kings,runs,5.0,198.0,20.0,N,normal,KN Ananthapadmanabhan,MV Saidharshan Kumar
958,2023,Kolkata,2023-04-06,League,SN Thakur,"Eden Gardens, Kolkata",Kolkata Knight Riders,Royal Challengers Bangalore,Royal Challengers Bangalore,field,Kolkata Knight Riders,runs,81.0,205.0,20.0,N,normal,Vinod Seshan,VK Sharma
959,2023,Lucknow,2023-04-07,League,KH Pandya,"Bharat Ratna Shri Atal Bihari Vajpayee Ekana Cricket Stadium, Lucknow",Sunrisers Hyderabad,Lucknow Super Giants,Sunrisers Hyderabad,bat,Lucknow Super Giants,wickets,5.0,122.0,20.0,N,normal,J Madanagopal,YC Barde
960,2023,Guwahati,2023-04-08,League,YBK Jaiswal,"Barsapara Cricket Stadium, Guwahati",Rajasthan Royals,Delhi Capitals,Delhi Capitals,field,Rajasthan Royals,runs,57.0,200.0,20.0,N,normal,Navdeep Singh,MV Saidharshan Kumar
961,2023,Mumbai,2023-04-08,League,RA Jadeja,"Wankhede Stadium, Mumbai",Mumbai Indians,Chennai Super Kings,Chennai Super Kings,field,Chennai Super Kings,wickets,7.0,158.0,20.0,N,normal,CB Gaffaney,NA Patwardhan
962,2023,Ahmedabad,2023-04-09,League,RK Singh,"Narendra Modi Stadium, Ahmedabad",Gujarat Titans,Kolkata Knight Riders,Gujarat Titans,bat,Kolkata Knight Riders,wickets,3.0,205.0,20.0,N,normal,Nitin Menon,Tapan Sharma
963,2023,Hyderabad,2023-04-09,League,S Dhawan,"Rajiv Gandhi International Stadium, Uppal, Hyderabad",Punjab Kings,Sunrisers Hyderabad,Sunrisers Hyderabad,field,Sunrisers Hyderabad,wickets,8.0,144.0,20.0,N,normal,BNJ Oxenford,UV Gandhe
964,2023,Bengaluru,2023-04-10,League,N Pooran,"M Chinnaswamy Stadium, Bengaluru",Royal Challengers Bangalore,Lucknow Super Giants,Lucknow Super Giants,field,Lucknow Super Giants,wickets,1.0,213.0,20.0,N,normal,AK Chaudhary,A Nand Kishore
965,2023,Delhi,2023-04-11,League,RG Sharma,"Arun Jaitley Stadium, Delhi",Delhi Capitals,Mumbai Indians,Mumbai Indians,field,Mumbai Indians,wickets,6.0,173.0,20.0,N,normal,MA Gough,R Pandit
966,2023,Chennai,2023-04-12,League,R Ashwin,"MA Chidambaram Stadium, Chepauk, Chennai",Rajasthan Royals,Chennai Super Kings,Chennai Super Kings,field,Rajasthan Royals,runs,3.0,176.0,20.0,N,normal,Vinod Seshan,VK Sharma
967,2023,Chandigarh,2023-04-13,League,MM Sharma,"Punjab Cricket Association IS Bindra Stadium, Mohali, Chandigarh",Punjab Kings,Gujarat Titans,Gujarat Titans,field,Gujarat Titans,wickets,6.0,154.0,20.0,N,normal,A Totre,J Madanagopal
968,2023,Kolkata,2023-04-14,League,HC Brook,"Eden Gardens, Kolkata",Sunrisers Hyderabad,Kolkata Knight Riders,Kolkata Knight Riders,field,Sunrisers Hyderabad,runs,23.0,229.0,20.0,N,normal,CB Gaffaney,GR Sadashiv Iyer
969,2023,Bengaluru,2023-04-15,League,V Kohli,"M Chinnaswamy Stadium, Bengaluru",Royal Challengers Bangalore,Delhi Capitals,Delhi Capitals,field,Royal Challengers Bangalore,runs,23.0,175.0,20.0,N,normal,KN Ananthapadmanabhan,MV Saidharshan Kumar
970,2023,Lucknow,2023-04-15,League,Sikandar Raza,"Bharat Ratna Shri Atal Bihari Vajpayee Ekana Cricket Stadium, Lucknow",Lucknow Super Giants,Punjab Kings,Punjab Kings,field,Punjab Kings,wickets,2.0,160.0,20.0,N,normal,HAS Khalid,VK Sharma
971,2023,Mumbai,2023-04-16,League,VR Iyer,"Wankhede Stadium, Mumbai",Kolkata Knight Riders,Mumbai Indians,Mumbai Indians,field,Mumbai Indians,wickets,5.0,186.0,20.0,N,normal,BNJ Oxenford,UV Gandhe
972,2023,Ahmedabad,2023-04-16,League,SO Hetmyer,"Narendra Modi Stadium, Ahmedabad",Gujarat Titans,Rajasthan Royals,Rajasthan Royals,field,Rajasthan Royals,wickets,3.0,178.0,20.0,N,normal,AK Chaudhary,CB Gaffaney
973,2023,Bengaluru,2023-04-17,League,DP Conway,"M Chinnaswamy Stadium, Bengaluru",Chennai Super Kings,Royal Challengers Bangalore,Royal Challengers Bangalore,field,Chennai Super Kings,runs,8.0,227.0,20.0,N,normal,KN Ananthapadmanabhan,Navdeep Singh
974,2023,Hyderabad,2023-04-18,League,C Green,"Rajiv Gandhi International Stadium, Uppal, Hyderabad",Mumbai Indians,Sunrisers Hyderabad,Sunrisers Hyderabad,field,Mumbai Indians,runs,14.0,193.0,20.0,N,normal,Nitin Menon,Vinod Seshan
975,2023,Jaipur,2023-04-19,League,MP Stoinis,"Sawai Mansingh Stadium, Jaipur",Lucknow Super Giants,Rajasthan Royals,Rajasthan Royals,field,Lucknow Super Giants,runs,10.0,155.0,20.0,N,normal,J Madanagopal,YC Barde
976,2023,Chandigarh,2023-04-20,League,Mohammed Siraj,"Punjab Cricket Association IS Bindra Stadium, Mohali, Chandigarh",Royal Challengers Bangalore,Punjab Kings,Punjab Kings,field,Royal Challengers Bangalore,runs,24.0,175.0,20.0,N,normal,AK Chaudhary,GR Sadashiv Iyer
977,2023,Delhi,2023-04-20,League,I Sharma,"Arun Jaitley Stadium, Delhi",Kolkata Knight Riders,Delhi Capitals,Delhi Capitals,field,Delhi Capitals,wickets,4.0,128.0,20.0,N,normal,MA Gough,R Pandit
978,2023,Chennai,2023-04-21,League,RA Jadeja,"MA Chidambaram Stadium, Chepauk, Chennai",Sunrisers Hyderabad,Chennai Super Kings,Chennai Super Kings,field,Chennai Super Kings,wickets,7.0,135.0,20.0,N,normal,HAS Khalid,VK Sharma
979,2023,Lucknow,2023-04-22,League,MM Sharma,"Bharat Ratna Shri Atal Bihari Vajpayee Ekana Cricket Stadium, Lucknow",Gujarat Titans,Lucknow Super Giants,Gujarat Titans,bat,Gujarat Titans,runs,7.0,136.0,20.0,N,normal,A Totre,RJ Tucker
980,2023,Mumbai,2023-04-22,League,SM Curran,"Wankhede Stadium, Mumbai",Punjab Kings,Mumbai Indians,Mumbai Indians,field,Punjab Kings,runs,13.0,215.0,20.0,N,normal,CB Gaffaney,GR Sadashiv Iyer
981,2023,Bengaluru,2023-04-23,League,GJ Maxwell,"M Chinnaswamy Stadium, Bengaluru",Royal Challengers Bangalore,Rajasthan Royals,Rajasthan Royals,field,Royal Challengers Bangalore,runs,7.0,190.0,20.0,N,normal,MA Gough,MV Saidharshan Kumar
982,2023,Kolkata,2023-04-23,League,AM Rahane,"Eden Gardens, Kolkata",Chennai Super Kings,Kolkata Knight Riders,Kolkata Knight Riders,field,Chennai Super Kings,runs,49.0,236.0,20.0,N,normal,Nitin Menon,Tapan Sharma
983,2023,Hyderabad,2023-04-24,League,AR Patel,"Rajiv Gandhi International Stadium, Uppal, Hyderabad",Delhi Capitals,Sunrisers Hyderabad,Delhi Capitals,bat,Delhi Capitals,runs,7.0,145.0,20.0,N,normal,J Madanagopal,RJ Tucker
984,2023,Ahmedabad,2023-04-25,League,A Manohar,"Narendra Modi Stadium, Ahmedabad",Gujarat Titans,Mumbai Indians,Mumbai Indians,field,Gujarat Titans,runs,55.0,208.0,20.0,N,normal,AK Chaudhary,A Nand Kishore
985,2023,Bengaluru,2023-04-26,League,CV Varun,"M Chinnaswamy Stadium, Bengaluru",Kolkata Knight Riders,Royal Challengers Bangalore,Royal Challengers Bangalore,field,Kolkata Knight Riders,runs,21.0,201.0,20.0,N,normal,KN Ananthapadmanabhan,R Pandit
986,2023,Jaipur,2023-04-27,League,YBK Jaiswal,"Sawai Mansingh Stadium, Jaipur",Rajasthan Royals,Chennai Super Kings,Rajasthan Royals,bat,Rajasthan Royals,runs,32.0,203.0,20.0,N,normal,A Totre,YC Barde
987,2023,Chandigarh,2023-04-28,League,MP Stoinis,"Punjab Cricket Association IS Bindra Stadium, Mohali, Chandigarh",Lucknow Super Giants,Punjab Kings,Punjab Kings,field,Lucknow Super Giants,runs,56.0,258.0,20.0,N,normal,Nitin Menon,Vinod Seshan
988,2023,Kolkata,2023-04-29,League,J Little,"Eden Gardens, Kolkata",Kolkata Knight Riders,Gujarat Titans,Gujarat Titans,field,Gujarat Titans,wickets,7.0,180.0,20.0,N,normal,NA Patwardhan,GR Sadashiv Iyer
989,2023,Delhi,2023-04-29,League,MR Marsh,"Arun Jaitley Stadium, Delhi",Sunrisers Hyderabad,Delhi Capitals,Sunrisers Hyderabad,bat,Sunrisers Hyderabad,runs,9.0,198.0,20.0,N,normal,MA Gough,Navdeep Singh
990,2023,Chennai,2023-04-30,League,DP Conway,"MA Chidambaram Stadium, Chepauk, Chennai",Chennai Super Kings,Punjab Kings,Chennai Super Kings,bat,Punjab Kings,wickets,4.0,201.0,20.0,N,normal,RJ Tucker,UV Gandhe
991,2023,Mumbai,2023-04-30,League,YBK Jaiswal,"Wankhede Stadium, Mumbai",Rajasthan Royals,Mumbai Indians,Rajasthan Royals,bat,Mumbai Indians,wickets,6.0,213.0,20.0,N,normal,Vinod Seshan,VK Sharma
992,2023,Lucknow,2023-05-01,League,F du Plessis,"Bharat Ratna Shri Atal Bihari Vajpayee Ekana Cricket Stadium, Lucknow",Royal Challengers Bangalore,Lucknow Super Giants,Royal Challengers Bangalore,bat,Royal Challengers Bangalore,runs,18.0,127.0,20.0,N,normal,AK Chaudhary,GR Sadashiv Iyer
993,2023,Ahmedabad,2023-05-02,League,Mohammed Shami,"Narendra Modi Stadium, Ahmedabad",Delhi Capitals,Gujarat Titans,Delhi Capitals,bat,Delhi Capitals,runs,5.0,131.0,20.0,N,normal,MA Gough,R Pandit
994,2023,Lucknow,2023-05-03,League,no awardee,"Bharat Ratna Shri Atal Bihari Vajpayee Ekana Cricket Stadium, Lucknow",Lucknow Super Giants,Chennai Super Kings,Chennai Super Kings,field,no winner,no result,,,,N,normal,AK Chaudhary,NA Patwardhan
995,2023,Chandigarh,2023-05-03,League,Ishan Kishan,"Punjab Cricket Association IS Bindra Stadium, Mohali, Chandigarh",Punjab Kings,Mumbai Indians,Mumbai Indians,field,Mumbai Indians,wickets,6.0,215.0,20.0,N,normal,J Madanagopal,RJ Tucker
996,2023,Hyderabad,2023-05-04,League,CV Varun,"Rajiv Gandhi International Stadium, Uppal, Hyderabad",Kolkata Knight Riders,Sunrisers Hyderabad,Kolkata Knight Riders,bat,Kolkata Knight Riders,runs,5.0,172.0,20.0,N,normal,KN Ananthapadmanabhan,MA Gough
997,2023,Jaipur,2023-05-05,League,Rashid Khan,"Sawai Mansingh Stadium, Jaipur",Rajasthan Royals,Gujarat Titans,Rajasthan Royals,bat,Gujarat Titans,wickets,9.0,119.0,20.0,N,normal,HAS Khalid,VK Sharma
998,2023,Chennai,2023-05-06,League,M Pathirana,"MA Chidambaram Stadium, Chepauk, Chennai",Mumbai Indians,Chennai Super Kings,Chennai Super Kings,field,Chennai Super Kings,wickets,6.0,140.0,20.0,N,normal,BNJ Oxenford,Navdeep Singh
999,2023,Delhi,2023-05-06,League,PD Salt,"Arun Jaitley Stadium, Delhi",Royal Challengers Bangalore,Delhi Capitals,Royal Challengers Bangalore,bat,Delhi Capitals,wickets,7.0,182.0,20.0,N,normal,RJ Tucker,YC Barde
1000,2023,Ahmedabad,2023-05-07,League,Shubman Gill,"Narendra Modi Stadium, Ahmedabad",Gujarat Titans,Lucknow Super Giants,Lucknow Super Giants,field,Gujarat Titans,runs,56.0,228.0,20.0,N,normal,AK Chaudhary,A Nand Kishore
1001,2023,Jaipur,2023-05-07,League,GD Phillips,"Sawai Mansingh Stadium, Jaipur",Rajasthan Royals,Sunrisers Hyderabad,Rajasthan Royals,bat,Sunrisers Hyderabad,wickets,4.0,215.0,20.0,N,normal,Nitin Menon,Vinod Seshan
1002,2023,Kolkata,2023-05-08,League,AD Russell,"Eden Gardens, Kolkata",Punjab Kings,Kolkata Knight Riders,Punjab Kings,bat,Kolkata Knight Riders,wickets,5.0,180.0,20.0,N,normal,A Totre,J Madanagopal
1003,2023,Mumbai,2023-05-09,League,SA Yadav,"Wankhede Stadium, Mumbai",Royal Challengers Bangalore,Mumbai Indians,Mumbai Indians,field,Mumbai Indians,wickets,6.0,200.0,20.0,N,normal,HAS Khalid,VK Sharma
1004,2023,Chennai,2023-05-10,League,RA Jadeja,"MA Chidambaram Stadium, Chepauk, Chennai",Chennai Super Kings,Delhi Capitals,Chennai Super Kings,bat,Chennai Super Kings,runs,27.0,168.0,20.0,N,normal,CB Gaffaney,NA Patwardhan
1005,2023,Kolkata,2023-05-11,League,YBK Jaiswal,"Eden Gardens, Kolkata",Kolkata Knight Riders,Rajasthan Royals,Rajasthan Royals,field,Rajasthan Royals,wickets,9.0,150.0,20.0,N,normal,RJ Tucker,MV Saidharshan Kumar
1006,2023,Mumbai,2023-05-12,League,SA Yadav,"Wankhede Stadium, Mumbai",Mumbai Indians,Gujarat Titans,Gujarat Titans,field,Mumbai Indians,runs,27.0,219.0,20.0,N,normal,Nitin Menon,Tapan Sharma
1007,2023,Hyderabad,2023-05-13,League,PN Mankad,"Rajiv Gandhi International Stadium, Uppal, Hyderabad",Sunrisers Hyderabad,Lucknow Super Giants,Sunrisers Hyderabad,bat,Lucknow Super Giants,wickets,7.0,183.0,20.0,N,normal,A Totre,J Madanagopal
1008,2023,Delhi,2023-05-13,League,P Simran Singh,"Arun Jaitley Stadium, Delhi",Punjab Kings,Delhi Capitals,Delhi Capitals,field,Punjab Kings,runs,31.0,168.0,20.0,N,normal,CB Gaffaney,NA Patwardhan
1009,2023,Jaipur,2023-05-14,League,WD Parnell,"Sawai Mansingh Stadium, Jaipur",Royal Challengers Bangalore,Rajasthan Royals,Royal Challengers Bangalore,bat,Royal Challengers Bangalore,runs,112.0,172.0,20.0,N,normal,KN Ananthapadmanabhan,Navdeep Singh
1010,2023,Chennai,2023-05-14,League,RK Singh,"MA Chidambaram Stadium, Chepauk, Chennai",Chennai Super Kings,Kolkata Knight Riders,Chennai Super Kings,bat,Kolkata Knight Riders,wickets,6.0,145.0,20.0,N,normal,Tapan Sharma,Vinod Seshan
1011,2023,Ahmedabad,2023-05-15,League,Shubman Gill,"Narendra Modi Stadium, Ahmedabad",Gujarat Titans,Sunrisers Hyderabad,Sunrisers Hyderabad,field,Gujarat Titans,runs,34.0,189.0,20.0,N,normal,J Madanagopal,UV Gandhe
1012,2023,Lucknow,2023-05-16,League,MP Stoinis,"Bharat Ratna Shri Atal Bihari Vajpayee Ekana Cricket Stadium, Lucknow",Lucknow Super Giants,Mumbai Indians,Mumbai Indians,field,Lucknow Super Giants,runs,5.0,178.0,20.0,N,normal,AK Chaudhary,A Nand Kishore
1013,2023,Dharamsala,2023-05-17,League,RR Rossouw,"Himachal Pradesh Cricket Association Stadium, Dharamsala",Delhi Capitals,Punjab Kings,Punjab Kings,field,Delhi Capitals,runs,15.0,214.0,20.0,N,normal,KN Ananthapadmanabhan,MV Saidharshan Kumar
1014,2023,Hyderabad,2023-05-18,League,V Kohli,"Rajiv Gandhi International Stadium, Uppal, Hyderabad",Sunrisers Hyderabad,Royal Challengers Bangalore,Royal Challengers Bangalore,field,Royal Challengers Bangalore,wickets,8.0,187.0,20.0,N,normal,BNJ Oxenford,VK Sharma
1015,2023,Dharamsala,2023-05-19,League,D Padikkal,"Himachal Pradesh Cricket Association Stadium, Dharamsala",Punjab Kings,Rajasthan Royals,Rajasthan Royals,field,Rajasthan Royals,wickets,4.0,188.0,20.0,N,normal,A Nand Kishore,RJ Tucker
1016,2023,Delhi,2023-05-20,League,RD Gaikwad,"Arun Jaitley Stadium, Delhi",Chennai Super Kings,Delhi Capitals,Chennai Super Kings,bat,Chennai Super Kings,runs,77.0,224.0,20.0,N,normal,CB Gaffaney,NA Patwardhan
1017,2023,Kolkata,2023-05-20,League,N Pooran,"Eden Gardens, Kolkata",Lucknow Super Giants,Kolkata Knight Riders,Kolkata Knight Riders,field,Lucknow Super Giants,runs,1.0,177.0,20.0,N,normal,J Madanagopal,UV Gandhe
1018,2023,Mumbai,2023-05-21,League,C Green,"Wankhede Stadium, Mumbai",Sunrisers Hyderabad,Mumbai Indians,Mumbai Indians,field,Mumbai Indians,wickets,8.0,201.0,20.0,N,normal,KN Ananthapadmanabhan,RJ Tucker
1019,2023,Bengaluru,2023-05-21,League,Shubman Gill,"M Chinnaswamy Stadium, Bengaluru",Royal Challengers Bangalore,Gujarat Titans,Gujarat Titans,field,Gujarat Titans,wickets,6.0,198.0,20.0,N,normal,Nitin Menon,VK Sharma
1020,2023,Chennai,2023-05-23,Qualifier 1,RD Gaikwad,"MA Chidambaram Stadium, Chepauk, Chennai",Chennai Super Kings,Gujarat Titans,Gujarat Titans,field,Chennai Super Kings,runs,15.0,173.0,20.0,N,normal,AK Chaudhary,CB Gaffaney
1021,2023,Chennai,2023-05-24,Eliminator,Akash Madhwal,"MA Chidambaram Stadium, Chepauk, Chennai",Mumbai Indians,Lucknow Super Giants,Mumbai Indians,bat,Mumbai Indians,runs,81.0,183.0,20.0,N,normal,BNJ Oxenford,VK Sharma
1022,2023,Ahmedabad,2023-05-26,Qualifier 2,Shubman Gill,"Narendra Modi Stadium, Ahmedabad",Gujarat Titans,Mumbai Indians,Mumbai Indians,field,Gujarat Titans,runs,62.0,234.0,20.0,N,normal,Nitin Menon,RJ Tucker
1023,2023,Ahmedabad,2023-05-29,Final,DP Conway,"Narendra Modi Stadium, Ahmedabad",Gujarat Titans,Chennai Super Kings,Chennai Super Kings,field,Chennai Super Kings,wickets,5.0,171.0,15.0,N,D/L,Nitin Menon,RJ Tucker
1024,2024,Chennai,2024-03-22,League,Mustafizur Rahman,"MA Chidambaram Stadium, Chepauk, Chennai",Royal Challengers Bengaluru,Chennai Super Kings,Royal Challengers Bengaluru,bat,Chennai Super Kings,wickets,6.0,174.0,20.0,N,normal,HAS Khalid,VK Sharma
1025,2024,Mohali,2024-03-23,League,SM Curran,"Maharaja Yadavindra Singh International Cricket Stadium, Mullanpur",Delhi Capitals,Punjab Kings,Punjab Kings,field,Punjab Kings,wickets,4.0,175.0,20.0,N,normal,J Madanagopal,NA Patwardhan
1026,2024,Kolkata,2024-03-23,League,AD Russell,"Eden Gardens, Kolkata",Kolkata Knight Riders,Sunrisers Hyderabad,Sunrisers Hyderabad,field,Kolkata Knight Riders,runs,4.0,209.0,20.0,N,normal,R Pandit,YC Barde
1027,2024,Jaipur,2024-03-24,League,SV Samson,"Sawai Mansingh Stadium, Jaipur",Rajasthan Royals,Lucknow Super Giants,Rajasthan Royals,bat,Rajasthan Royals,runs,20.0,194.0,20.0,N,normal,A Totre,HDPK Dharmasena
1028,2024,Ahmedabad,2024-03-24,League,B Sai Sudharsan,"Narendra Modi Stadium, Ahmedabad",Gujarat Titans,Mumbai Indians,Mumbai Indians,field,Gujarat Titans,runs,6.0,169.0,20.0,N,normal,VA Kulkarni,VK Sharma
1029,2024,Bengaluru,2024-03-25,League,V Kohli,"M Chinnaswamy Stadium, Bengaluru",Punjab Kings,Royal Challengers Bengaluru,Royal Challengers Bengaluru,field,Royal Challengers Bengaluru,wickets,4.0,177.0,20.0,N,normal,AK Chaudhary,MV Saidharshan Kumar
1030,2024,Chennai,2024-03-26,League,S Dube,"MA Chidambaram Stadium, Chepauk, Chennai",Chennai Super Kings,Gujarat Titans,Gujarat Titans,field,Chennai Super Kings,runs,63.0,207.0,20.0,N,normal,AG Wharf,Tapan Sharma
1031,2024,Hyderabad,2024-03-27,League,Abhishek Sharma,"Rajiv Gandhi International Stadium, Uppal, Hyderabad",Sunrisers Hyderabad,Mumbai Indians,Mumbai Indians,field,Sunrisers Hyderabad,runs,31.0,278.0,20.0,N,normal,KN Ananthapadmanabhan,UV Gandhe
1032,2024,Jaipur,2024-03-28,League,R Parag,"Sawai Mansingh Stadium, Jaipur",Rajasthan Royals,Delhi Capitals,Delhi Capitals,field,Rajasthan Royals,runs,12.0,186.0,20.0,N,normal,A Nand Kishore,Nitin Menon
1033,2024,Bengaluru,2024-03-29,League,SP Narine,"M Chinnaswamy Stadium, Bengaluru",Royal Challengers Bengaluru,Kolkata Knight Riders,Kolkata Knight Riders,field,Kolkata Knight Riders,wickets,7.0,183.0,20.0,N,normal,AK Chaudhary,R Pandit
1034,2024,Lucknow,2024-03-30,League,MP Yadav,"Bharat Ratna Shri Atal Bihari Vajpayee Ekana Cricket Stadium, Lucknow",Lucknow Super Giants,Punjab Kings,Lucknow Super Giants,bat,Lucknow Super Giants,runs,21.0,200.0,20.0,N,normal,J Madanagopal,Navdeep Singh
1035,2024,Ahmedabad,2024-03-31,League,MM Sharma,"Narendra Modi Stadium, Ahmedabad",Sunrisers Hyderabad,Gujarat Titans,Sunrisers Hyderabad,bat,Gujarat Titans,wickets,7.0,163.0,20.0,N,normal,HAS Khalid,VK Sharma
1036,2024,Visakhapatnam,2024-03-31,League,KK Ahmed,"Dr. Y.S. Rajasekhara Reddy ACA-VDCA Cricket Stadium, Visakhapatnam",Delhi Capitals,Chennai Super Kings,Delhi Capitals,bat,Delhi Capitals,runs,20.0,192.0,20.0,N,normal,HDPK Dharmasena,Vinod Seshan
1037,2024,Mumbai,2024-04-01,League,TA Boult,"Wankhede Stadium, Mumbai",Mumbai Indians,Rajasthan Royals,Rajasthan Royals,field,Rajasthan Royals,wickets,6.0,126.0,20.0,N,normal,MV Saidharshan Kumar,YC Barde
1038,2024,Bengaluru,2024-04-02,League,MP Yadav,"M Chinnaswamy Stadium, Bengaluru",Lucknow Super Giants,Royal Challengers Bengaluru,Royal Challengers Bengaluru,field,Lucknow Super Giants,runs,28.0,182.0,20.0,N,normal,J Madanagopal,NA Patwardhan
1039,2024,Visakhapatnam,2024-04-03,League,SP Narine,"Dr. Y.S. Rajasekhara Reddy ACA-VDCA Cricket Stadium, Visakhapatnam",Kolkata Knight Riders,Delhi Capitals,Kolkata Knight Riders,bat,Kolkata Knight Riders,runs,106.0,273.0,20.0,N,normal,A Totre,UV Gandhe
1040,2024,Ahmedabad,2024-04-04,League,Shashank Singh,"Narendra Modi Stadium, Ahmedabad",Gujarat Titans,Punjab Kings,Punjab Kings,field,Punjab Kings,wickets,3.0,200.0,20.0,N,normal,Nitin Menon,VA Kulkarni
1041,2024,Hyderabad,2024-04-05,League,Abhishek Sharma,"Rajiv Gandhi International Stadium, Uppal, Hyderabad",Chennai Super Kings,Sunrisers Hyderabad,Sunrisers Hyderabad,field,Sunrisers Hyderabad,wickets,6.0,166.0,20.0,N,normal,R Pandit,YC Barde
1042,2024,Jaipur,2024-04-06,League,JC Buttler,"Sawai Mansingh Stadium, Jaipur",Royal Challengers Bengaluru,Rajasthan Royals,Rajasthan Royals,field,Rajasthan Royals,wickets,6.0,184.0,20.0,N,normal,AG Wharf,Tapan Sharma
1043,2024,Mumbai,2024-04-07,League,R Shepherd,"Wankhede Stadium, Mumbai",Mumbai Indians,Delhi Capitals,Delhi Capitals,field,Mumbai Indians,runs,29.0,235.0,20.0,N,normal,HDPK Dharmasena,UV Gandhe
1044,2024,Lucknow,2024-04-07,League,Yash Thakur,"Bharat Ratna Shri Atal Bihari Vajpayee Ekana Cricket Stadium, Lucknow",Lucknow Super Giants,Gujarat Titans,Lucknow Super Giants,bat,Lucknow Super Giants,runs,33.0,164.0,20.0,N,normal,A Nand Kishore,VK Sharma
1045,2024,Chennai,2024-04-08,League,RA Jadeja,"MA Chidambaram Stadium, Chepauk, Chennai",Kolkata Knight Riders,Chennai Super Kings,Chennai Super Kings,field,Chennai Super Kings,wickets,7.0,138.0,20.0,N,normal,AK Chaudhary,MV Saidharshan Kumar
1046,2024,Mohali,2024-04-09,League,Nithish Kumar Reddy,"Maharaja Yadavindra Singh International Cricket Stadium, Mullanpur",Sunrisers Hyderabad,Punjab Kings,Punjab Kings,field,Sunrisers Hyderabad,runs,2.0,183.0,20.0,N,normal,Navdeep Singh,NA Patwardhan
1047,2024,Jaipur,2024-04-10,League,Rashid Khan,"Sawai Mansingh Stadium, Jaipur",Rajasthan Royals,Gujarat Titans,Gujarat Titans,field,Gujarat Titans,wickets,3.0,197.0,20.0,N,normal,HDPK Dharmasena,Vinod Seshan
1048,2024,Mumbai,2024-04-11,League,JJ Bumrah,"Wankhede Stadium, Mumbai",Royal Challengers Bengaluru,Mumbai Indians,Mumbai Indians,field,Mumbai Indians,wickets,7.0,197.0,20.0,N,normal,Nitin Menon,VA Kulkarni
1049,2024,Lucknow,2024-04-12,League,Kuldeep Yadav,"Bharat Ratna Shri Atal Bihari Vajpayee Ekana Cricket Stadium, Lucknow",Lucknow Super Giants,Delhi Capitals,Lucknow Super Giants,bat,Delhi Capitals,wickets,6.0,168.0,20.0,N,normal,R Pandit,YC Barde
1050,2024,Mohali,2024-04-13,League,SO Hetmyer,"Maharaja Yadavindra Singh International Cricket Stadium, Mullanpur",Punjab Kings,Rajasthan Royals,Rajasthan Royals,field,Rajasthan Royals,wickets,3.0,148.0,20.0,N,normal,AK Chaudhary,Tapan Sharma
1051,2024,Kolkata,2024-04-14,League,PD Salt,"Eden Gardens, Kolkata",Lucknow Super Giants,Kolkata Knight Riders,Kolkata Knight Riders,field,Kolkata Knight Riders,wickets,8.0,162.0,20.0,N,normal,A Totre,Vinod Seshan
1052,2024,Mumbai,2024-04-14,League,M Pathirana,"Wankhede Stadium, Mumbai",Chennai Super Kings,Mumbai Indians,Mumbai Indians,field,Chennai Super Kings,runs,20.0,207.0,20.0,N,normal,Nitin Menon,HAS Khalid
1053,2024,Bengaluru,2024-04-15,League,TM Head,"M Chinnaswamy Stadium, Bengaluru",Sunrisers Hyderabad,Royal Challengers Bengaluru,Royal Challengers Bengaluru,field,Sunrisers Hyderabad,runs,25.0,288.0,20.0,N,normal,AK Chaudhary,R Pandit
1054,2024,Kolkata,2024-04-16,League,JC Buttler,"Eden Gardens, Kolkata",Kolkata Knight Riders,Rajasthan Royals,Rajasthan Royals,field,Rajasthan Royals,wickets,2.0,224.0,20.0,N,normal,MA Gough,UV Gandhe
1055,2024,Ahmedabad,2024-04-17,League,RR Pant,"Narendra Modi Stadium, Ahmedabad",Gujarat Titans,Delhi Capitals,Delhi Capitals,field,Delhi Capitals,wickets,6.0,90.0,20.0,N,normal,NA Patwardhan,VK Sharma
1056,2024,Mohali,2024-04-18,League,JJ Bumrah,"Maharaja Yadavindra Singh International Cricket Stadium, Mullanpur",Mumbai Indians,Punjab Kings,Punjab Kings,field,Mumbai Indians,runs,9.0,193.0,20.0,N,normal,A Nand Kishore,VA Kulkarni
1057,2024,Lucknow,2024-04-19,League,KL Rahul,"Bharat Ratna Shri Atal Bihari Vajpayee Ekana Cricket Stadium, Lucknow",Chennai Super Kings,Lucknow Super Giants,Lucknow Super Giants,field,Lucknow Super Giants,wickets,8.0,177.0,20.0,N,normal,AK Chaudhary,R Pandit
1058,2024,Delhi,2024-04-20,League,TM Head,"Arun Jaitley Stadium, Delhi",Sunrisers Hyderabad,Delhi Capitals,Delhi Capitals,field,Sunrisers Hyderabad,runs,67.0,267.0,20.0,N,normal,J Madanagopal,Navdeep Singh
1059,2024,Kolkata,2024-04-21,League,AD Russell,"Eden Gardens, Kolkata",Kolkata Knight Riders,Royal Challengers Bengaluru,Royal Challengers Bengaluru,field,Kolkata Knight Riders,runs,1.0,223.0,20.0,N,normal,A Totre,Vinod Seshan
1060,2024,Mohali,2024-04-21,League,R Sai Kishore,"Maharaja Yadavindra Singh International Cricket Stadium, Mullanpur",Punjab Kings,Gujarat Titans,Punjab Kings,bat,Gujarat Titans,wickets,3.0,143.0,20.0,N,normal,A Nand Kishore,VA Kulkarni
1061,2024,Jaipur,2024-04-22,League,Sandeep Sharma,"Sawai Mansingh Stadium, Jaipur",Mumbai Indians,Rajasthan Royals,Mumbai Indians,bat,Rajasthan Royals,wickets,9.0,180.0,20.0,N,normal,AK Chaudhary,MV Saidharshan Kumar
1062,2024,Chennai,2024-04-23,League,MP Stoinis,"MA Chidambaram Stadium, Chepauk, Chennai",Chennai Super Kings,Lucknow Super Giants,Lucknow Super Giants,field,Lucknow Super Giants,wickets,6.0,211.0,20.0,N,normal,NA Patwardhan,Tapan Sharma
1063,2024,Delhi,2024-04-24,League,RR Pant,"Arun Jaitley Stadium, Delhi",Delhi Capitals,Gujarat Titans,Gujarat Titans,field,Delhi Capitals,runs,4.0,225.0,20.0,N,normal,KN Ananthapadmanabhan,UV Gandhe
1064,2024,Hyderabad,2024-04-25,League,RM Patidar,"Rajiv Gandhi International Stadium, Uppal, Hyderabad",Royal Challengers Bengaluru,Sunrisers Hyderabad,Royal Challengers Bengaluru,bat,Royal Challengers Bengaluru,runs,35.0,207.0,20.0,N,normal,Nitin Menon,HAS Khalid
1065,2024,Kolkata,2024-04-26,League,JM Bairstow,"Eden Gardens, Kolkata",Kolkata Knight Riders,Punjab Kings,Punjab Kings,field,Punjab Kings,wickets,8.0,262.0,20.0,N,normal,AK Chaudhary,YC Barde
1066,2024,Delhi,2024-04-27,League,J Fraser-McGurk,"Arun Jaitley Stadium, Delhi",Delhi Capitals,Mumbai Indians,Mumbai Indians,field,Delhi Capitals,runs,10.0,258.0,20.0,N,normal,Navdeep Singh,NA Patwardhan
1067,2024,Lucknow,2024-04-27,League,SV Samson,"Bharat Ratna Shri Atal Bihari Vajpayee Ekana Cricket Stadium, Lucknow",Lucknow Super Giants,Rajasthan Royals,Rajasthan Royals,field,Rajasthan Royals,wickets,7.0,197.0,20.0,N,normal,KN Ananthapadmanabhan,MA Gough
1068,2024,Ahmedabad,2024-04-28,League,WG Jacks,"Narendra Modi Stadium, Ahmedabad",Gujarat Titans,Royal Challengers Bengaluru,Royal Challengers Bengaluru,field,Royal Challengers Bengaluru,wickets,9.0,201.0,20.0,N,normal,Nitin Menon,VK Sharma
1069,2024,Chennai,2024-04-28,League,RD Gaikwad,"MA Chidambaram Stadium, Chepauk, Chennai",Chennai Super Kings,Sunrisers Hyderabad,Sunrisers Hyderabad,field,Chennai Super Kings,runs,78.0,213.0,20.0,N,normal,R Pandit,MV Saidharshan Kumar
1070,2024,Kolkata,2024-04-29,League,CV Varun,"Eden Gardens, Kolkata",Delhi Capitals,Kolkata Knight Riders,Delhi Capitals,bat,Kolkata Knight Riders,wickets,7.0,154.0,20.0,N,normal,Navdeep Singh,Tapan Sharma
1071,2024,Lucknow,2024-04-30,League,MP Stoinis,"Bharat Ratna Shri Atal Bihari Vajpayee Ekana Cricket Stadium, Lucknow",Mumbai Indians,Lucknow Super Giants,Lucknow Super Giants,field,Lucknow Super Giants,wickets,4.0,145.0,20.0,N,normal,MA Gough,UV Gandhe
1072,2024,Chennai,2024-05-01,League,Harpreet Brar,"MA Chidambaram Stadium, Chepauk, Chennai",Chennai Super Kings,Punjab Kings,Punjab Kings,field,Punjab Kings,wickets,7.0,163.0,20.0,N,normal,HAS Khalid,VK Sharma
1073,2024,Hyderabad,2024-05-02,League,B Kumar,"Rajiv Gandhi International Stadium, Uppal, Hyderabad",Sunrisers Hyderabad,Rajasthan Royals,Sunrisers Hyderabad,bat,Sunrisers Hyderabad,runs,1.0,202.0,20.0,N,normal,AK Chaudhary,YC Barde
1074,2024,Mumbai,2024-05-03,League,VR Iyer,"Wankhede Stadium, Mumbai",Kolkata Knight Riders,Mumbai Indians,Mumbai Indians,field,Kolkata Knight Riders,runs,24.0,170.0,20.0,N,normal,J Madanagopal,Tapan Sharma
1075,2024,Bengaluru,2024-05-04,League,Mohammed Siraj,"M Chinnaswamy Stadium, Bengaluru",Gujarat Titans,Royal Challengers Bengaluru,Royal Challengers Bengaluru,field,Royal Challengers Bengaluru,wickets,4.0,148.0,20.0,N,normal,A Totre,Vinod Seshan
1076,2024,Dharamsala,2024-05-05,League,RA Jadeja,"Himachal Pradesh Cricket Association Stadium, Dharamsala",Chennai Super Kings,Punjab Kings,Punjab Kings,field,Chennai Super Kings,runs,28.0,168.0,20.0,N,normal,A Nand Kishore,VA Kulkarni
1077,2024,Lucknow,2024-05-05,League,SP Narine,"Bharat Ratna Shri Atal Bihari Vajpayee Ekana Cricket Stadium, Lucknow",Kolkata Knight Riders,Lucknow Super Giants,Lucknow Super Giants,field,Kolkata Knight Riders,runs,98.0,236.0,20.0,N,normal,MV Saidharshan Kumar,YC Barde
1078,2024,Mumbai,2024-05-06,League,SA Yadav,"Wankhede Stadium, Mumbai",Sunrisers Hyderabad,Mumbai Indians,Mumbai Indians,field,Mumbai Indians,wickets,7.0,174.0,20.0,N,normal,Navdeep Singh,Tapan Sharma
1079,2024,Delhi,2024-05-07,League,Kuldeep Yadav,"Arun Jaitley Stadium, Delhi",Delhi Capitals,Rajasthan Royals,Rajasthan Royals,field,Delhi Capitals,runs,20.0,222.0,20.0,N,normal,KN Ananthapadmanabhan,UV Gandhe
1080,2024,Hyderabad,2024-05-08,League,TM Head,"Rajiv Gandhi International Stadium, Uppal, Hyderabad",Lucknow Super Giants,Sunrisers Hyderabad,Lucknow Super Giants,bat,Sunrisers Hyderabad,wickets,10.0,166.0,20.0,N,normal,MV Saidharshan Kumar,YC Barde
1081,2024,Dharamsala,2024-05-09,League,V Kohli,"Himachal Pradesh Cricket Association Stadium, Dharamsala",Royal Challengers Bengaluru,Punjab Kings,Punjab Kings,field,Royal Challengers Bengaluru,runs,60.0,242.0,20.0,N,normal,Nitin Menon,HAS Khalid
1082,2024,Ahmedabad,2024-05-10,League,Shubman Gill,"Narendra Modi Stadium, Ahmedabad",Gujarat Titans,Chennai Super Kings,Chennai Super Kings,field,Gujarat Titans,runs,35.0,232.0,20.0,N,normal,KN Ananthapadmanabhan,NA Patwardhan
1083,2024,Kolkata,2024-05-11,League,CV Varun,"Eden Gardens, Kolkata",Kolkata Knight Riders,Mumbai Indians,Mumbai Indians,field,Kolkata Knight Riders,runs,18.0,158.0,16.0,N,normal,UV Gandhe,Vinod Seshan
1084,2024,Chennai,2024-05-12,League,Simarjeet Singh,"MA Chidambaram Stadium, Chepauk, Chennai",Rajasthan Royals,Chennai Super Kings,Rajasthan Royals,bat,Chennai Super Kings,wickets,5.0,142.0,20.0,N,normal,R Pandit,YC Barde
1085,2024,Bengaluru,2024-05-12,League,C Green,"M Chinnaswamy Stadium, Bengaluru",Royal Challengers Bengaluru,Delhi Capitals,Delhi Capitals,field,Royal Challengers Bengaluru,runs,47.0,188.0,20.0,N,normal,A Nand Kishore,VA Kulkarni
1086,2024,Delhi,2024-05-14,League,I Sharma,"Arun Jaitley Stadium, Delhi",Delhi Capitals,Lucknow Super Giants,Lucknow Super Giants,field,Delhi Capitals,runs,19.0,209.0,20.0,N,normal,A Totre,Vinod Seshan
1087,2024,Guwahati,2024-05-15,League,SM Curran,"Barsapara Cricket Stadium, Guwahati",Rajasthan Royals,Punjab Kings,Rajasthan Royals,bat,Punjab Kings,wickets,5.0,145.0,20.0,N,normal,R Pandit,MV Saidharshan Kumar
1088,2024,Mumbai,2024-05-17,League,N Pooran,"Wankhede Stadium, Mumbai",Lucknow Super Giants,Mumbai Indians,Mumbai Indians,field,Lucknow Super Giants,runs,18.0,215.0,20.0,N,normal,Navdeep Singh,R Pandit
1089,2024,Bengaluru,2024-05-18,League,F du Plessis,"M Chinnaswamy Stadium, Bengaluru",Royal Challengers Bengaluru,Chennai Super Kings,Chennai Super Kings,field,Royal Challengers Bengaluru,runs,27.0,219.0,20.0,N,normal,A Totre,KN Ananthapadmanabhan
1090,2024,Hyderabad,2024-05-19,League,Abhishek Sharma,"Rajiv Gandhi International Stadium, Uppal, Hyderabad",Punjab Kings,Sunrisers Hyderabad,Punjab Kings,bat,Sunrisers Hyderabad,wickets,4.0,215.0,20.0,N,normal,Nitin Menon,VK Sharma
1091,2024,Ahmedabad,2024-05-21,Qualifier 1,MA Starc,"Narendra Modi Stadium, Ahmedabad",Sunrisers Hyderabad,Kolkata Knight Riders,Sunrisers Hyderabad,bat,Kolkata Knight Riders,wickets,8.0,160.0,20.0,N,normal,AK Chaudhary,R Pandit
1092,2024,Ahmedabad,2024-05-22,Eliminator,R Ashwin,"Narendra Modi Stadium, Ahmedabad",Royal Challengers Bengaluru,Rajasthan Royals,Rajasthan Royals,field,Rajasthan Royals,wickets,4.0,173.0,20.0,N,normal,KN Ananthapadmanabhan,MV Saidharshan Kumar
1093,2024,Chennai,2024-05-24,Qualifier 2,Shahbaz Ahmed,"MA Chidambaram Stadium, Chepauk, Chennai",Sunrisers Hyderabad,Rajasthan Royals,Rajasthan Royals,field,Sunrisers Hyderabad,runs,36.0,176.0,20.0,N,normal,Nitin Menon,VK Sharma
1094,2024,Chennai,2024-05-26,Final,MA Starc,"MA Chidambaram Stadium, Chepauk, Chennai",Sunrisers Hyderabad,Kolkata Knight Riders,Sunrisers Hyderabad,bat,Kolkata Knight Riders,wickets,8.0,114.0,20.0,N,normal,J Madanagopal,Nitin Menon
